word,question_type,attempt,event_type,result,comment,question_data
academic,fill_blank,1,verify,FAIL,[critical] Malformed options data - contains non-dict elements,"{""word"": ""academic"", ""options"": [{""id"": ""A"", ""text"": ""academic""}, {""id"": ""B"", ""text"": ""athletic""}, ""id"", "":"", ""C"", {""text"": ""artistic""}, {""id"": ""D"", ""text"": ""industrial""}], ""sentence"": ""The university is renowned for its ______ excellence."", ""question_text"": ""Fill in the blank:"", ""question_type"": ""fill_blank"", ""correct_answer"": ""A"", ""sentence_translation"": ""L'université est réputée pour son excellence académique.""}"
academic,fill_blank,1,regenerate,SUCCESS,Question regenerated (issues history: 1),"{""sentence"": ""The university is renowned for its _____ excellence."", ""question_text"": ""Fill in the blank:"", ""options"": [{""id"": ""A"", ""text"": ""academic""}, {""id"": ""B"", ""text"": ""athletic""}, {""id"": ""C"", ""text"": ""artistic""}, {""id"": ""D"", ""text"": ""industrial""}], ""correct_answer"": ""A"", ""question_type"": ""fill_blank"", ""word"": ""academic""}"
academic,fill_blank,2,verify,PASS,,"{""sentence"": ""The university is renowned for its _____ excellence."", ""question_text"": ""Fill in the blank:"", ""options"": [{""id"": ""A"", ""text"": ""academic""}, {""id"": ""B"", ""text"": ""athletic""}, {""id"": ""C"", ""text"": ""artistic""}, {""id"": ""D"", ""text"": ""industrial""}], ""correct_answer"": ""A"", ""question_type"": ""fill_blank"", ""word"": ""academic""}"
abolish,fill_blank,1,verify,PASS,,"{""word"": ""abolish"", ""options"": [{""id"": ""A"", ""text"": ""abolish""}, {""id"": ""B"", ""text"": ""establish""}, {""id"": ""C"", ""text"": ""maintain""}, {""id"": ""D"", ""text"": ""implement""}], ""sentence"": ""The government decided to _____ the outdated law that had been in place for decades."", ""question_text"": ""Fill in the blank:"", ""question_type"": ""fill_blank"", ""correct_answer"": ""A"", ""sentence_translation"": ""Le gouvernement a décidé d'abolir la loi obsolète qui était en place depuis des décennies.""}"
ability,fill_blank,1,verify,PASS,,"{""word"": ""ability"", ""options"": [{""id"": ""A"", ""text"": ""ability""}, {""id"": ""B"", ""text"": ""effort""}, {""id"": ""C"", ""text"": ""salary""}, {""id"": ""D"", ""text"": ""office""}], ""sentence"": ""The job requires the _____ to work well under pressure."", ""question_text"": ""Fill in the blank:"", ""question_type"": ""fill_blank"", ""correct_answer"": ""A"", ""sentence_translation"": ""Le travail exige la capacité de bien travailler sous pression.""}"
aberration,mc_definition,1,verify,PASS,,"{""word"": ""aberration"", ""options"": [{""id"": ""A"", ""text"": ""A condition or occurrence that is different from what is normal or expected.""}, {""id"": ""B"", ""text"": ""A typical or usual example of something.""}, {""id"": ""C"", ""text"": ""A minor improvement or enhancement.""}, {""id"": ""D"", ""text"": ""A standard or benchmark for comparison.""}], ""question_text"": ""What does 'aberration' mean?"", ""question_type"": ""mc_definition"", ""correct_answer"": ""A""}"
academic,mc_word,1,verify,PASS,,"{""word"": ""academic"", ""options"": [{""id"": ""A"", ""text"": ""academic""}, {""id"": ""B"", ""text"": ""pedagogical""}, {""id"": ""C"", ""text"": ""industrial""}, {""id"": ""D"", ""text"": ""scholarly""}], ""question_text"": ""Which word matches this definition: 'relating to education or research, especially at a university'?"", ""question_type"": ""mc_word"", ""correct_answer"": ""A""}"
abundant,fill_blank,1,verify,FAIL,"[major] The marked correct answer 'abundant' is not appropriate for the context of the sentence.; The sentence implies a temporary state, which does not align with the meaning of 'abundant'.","{""word"": ""abundant"", ""options"": [{""id"": ""A"", ""text"": ""abundant""}, {""id"": ""B"", ""text"": ""scarce""}, {""id"": ""C"", ""text"": ""sporadic""}, {""id"": ""D"", ""text"": ""extreme""}], ""sentence"": ""The beauty of cherry blossoms is _____, lasting only a few weeks."", ""question_text"": ""Fill in the blank:"", ""question_type"": ""fill_blank"", ""correct_answer"": ""A"", ""sentence_translation"": ""La beauté des fleurs de cerisier est abondante, ne durant que quelques semaines.""}"
abundant,fill_blank,1,regenerate,SUCCESS,Question regenerated (issues history: 1),"{""sentence"": ""The resources in the forest are _____, providing plenty of food and shelter for wildlife."", ""question_text"": ""Fill in the blank:"", ""options"": [{""id"": ""A"", ""text"": ""abundant""}, {""id"": ""B"", ""text"": ""limited""}, {""id"": ""C"", ""text"": ""insufficient""}, {""id"": ""D"", ""text"": ""meager""}], ""correct_answer"": ""A"", ""question_type"": ""fill_blank"", ""word"": ""abundant""}"
abundant,fill_blank,2,verify,PASS,,"{""sentence"": ""The resources in the forest are _____, providing plenty of food and shelter for wildlife."", ""question_text"": ""Fill in the blank:"", ""options"": [{""id"": ""A"", ""text"": ""abundant""}, {""id"": ""B"", ""text"": ""limited""}, {""id"": ""C"", ""text"": ""insufficient""}, {""id"": ""D"", ""text"": ""meager""}], ""correct_answer"": ""A"", ""question_type"": ""fill_blank"", ""word"": ""abundant""}"
accelerate,fill_blank,1,verify,PASS,,"{""word"": ""accelerate"", ""options"": [{""id"": ""A"", ""text"": ""accelerate""}, {""id"": ""B"", ""text"": ""delay""}, {""id"": ""C"", ""text"": ""stabilize""}, {""id"": ""D"", ""text"": ""descend""}], ""sentence"": ""The new investment will help ______ the company's growth in the global market."", ""question_text"": ""Fill in the blank:"", ""question_type"": ""fill_blank"", ""correct_answer"": ""A"", ""sentence_translation"": ""Le nouvel investissement aidera à accélérer la croissance de l'entreprise sur le marché mondial.""}"
abundant,mc_word,1,verify,PASS,,"{""word"": ""abundant"", ""options"": [{""id"": ""A"", ""text"": ""abundant""}, {""id"": ""B"", ""text"": ""scarce""}, {""id"": ""C"", ""text"": ""ample""}, {""id"": ""D"", ""text"": ""sparse""}], ""question_text"": ""Which word matches this definition: 'existing in large quantities; plentiful'?"", ""question_type"": ""mc_word"", ""correct_answer"": ""A""}"
abstract,fill_blank,1,verify,FAIL,[major] The marked correct answer 'abstract' is not correct in the context of the sentence.; The word 'abstract' does not fit naturally in the sentence.,"{""word"": ""abstract"", ""options"": [{""id"": ""A"", ""text"": ""abstract""}, {""id"": ""B"", ""text"": ""concrete""}, {""id"": ""C"", ""text"": ""tangible""}, {""id"": ""D"", ""text"": ""specific""}], ""sentence"": ""The beauty of cherry blossoms is __________, lasting only a few weeks."", ""question_text"": ""Fill in the blank:"", ""question_type"": ""fill_blank"", ""correct_answer"": ""A"", ""sentence_translation"": ""La beauté des cerisiers en fleurs est abstraite, ne durant que quelques semaines.""}"
abstract,fill_blank,1,regenerate,SUCCESS,Question regenerated (issues history: 1),"{""sentence"": ""The concept of freedom is often considered __________, as it can mean different things to different people."", ""question_text"": ""Fill in the blank:"", ""options"": [{""id"": ""A"", ""text"": ""abstract""}, {""id"": ""B"", ""text"": ""literal""}, {""id"": ""C"", ""text"": ""fixed""}, {""id"": ""D"", ""text"": ""definite""}], ""correct_answer"": ""A"", ""question_type"": ""fill_blank"", ""word"": ""abstract""}"
abstract,fill_blank,2,verify,PASS,,"{""sentence"": ""The concept of freedom is often considered __________, as it can mean different things to different people."", ""question_text"": ""Fill in the blank:"", ""options"": [{""id"": ""A"", ""text"": ""abstract""}, {""id"": ""B"", ""text"": ""literal""}, {""id"": ""C"", ""text"": ""fixed""}, {""id"": ""D"", ""text"": ""definite""}], ""correct_answer"": ""A"", ""question_type"": ""fill_blank"", ""word"": ""abstract""}"
abhor,mc_definition,1,verify,PASS,,"{""word"": ""abhor"", ""options"": [{""id"": ""A"", ""text"": ""to regard with horror or disgust""}, {""id"": ""B"", ""text"": ""to strongly dislike or disapprove""}, {""id"": ""C"", ""text"": ""to feel indifferent or neutral about""}, {""id"": ""D"", ""text"": ""to love or admire strongly""}], ""question_text"": ""What does 'abhor' mean?"", ""question_type"": ""mc_definition"", ""correct_answer"": ""A""}"
aberration,mc_word,1,verify,FAIL,[major] The marked correct answer is not the only correct answer; both A (aberration) and B (anomaly) can fit the definition provided.,"{""word"": ""aberration"", ""options"": [{""id"": ""A"", ""text"": ""aberration""}, {""id"": ""B"", ""text"": ""anomaly""}, {""id"": ""C"", ""text"": ""conformity""}, {""id"": ""D"", ""text"": ""deviation""}], ""question_text"": ""Which word matches this definition: 'A condition or occurrence that is different from what is normal or expected.'?"", ""question_type"": ""mc_word"", ""correct_answer"": ""A""}"
aberration,mc_word,1,regenerate,SUCCESS,Question regenerated (issues history: 1),"{""question_text"": ""Which word matches this definition: 'A departure from what is normal or expected, often indicating a problem or irregularity.'?"", ""options"": [{""id"": ""A"", ""text"": ""aberration""}, {""id"": ""B"", ""text"": ""normalcy""}, {""id"": ""C"", ""text"": ""consistency""}, {""id"": ""D"", ""text"": ""uniformity""}], ""correct_answer"": ""A"", ""question_type"": ""mc_word"", ""word"": ""aberration""}"
aberration,mc_word,2,verify,PASS,,"{""question_text"": ""Which word matches this definition: 'A departure from what is normal or expected, often indicating a problem or irregularity.'?"", ""options"": [{""id"": ""A"", ""text"": ""aberration""}, {""id"": ""B"", ""text"": ""normalcy""}, {""id"": ""C"", ""text"": ""consistency""}, {""id"": ""D"", ""text"": ""uniformity""}], ""correct_answer"": ""A"", ""question_type"": ""mc_word"", ""word"": ""aberration""}"
abandon,mc_word,1,verify,PASS,,"{""word"": ""abandon"", ""options"": [{""id"": ""A"", ""text"": ""abandon""}, {""id"": ""B"", ""text"": ""abscond""}, {""id"": ""C"", ""text"": ""renounce""}, {""id"": ""D"", ""text"": ""accompany""}], ""question_text"": ""Which word matches this definition: 'to leave or desert someone or something'?"", ""question_type"": ""mc_word"", ""correct_answer"": ""A""}"
abandon,fill_blank,1,verify,PASS,,"{""word"": ""abandon"", ""options"": [{""id"": ""A"", ""text"": ""abandon""}, {""id"": ""B"", ""text"": ""reluctance""}, {""id"": ""C"", ""text"": ""caution""}, {""id"": ""D"", ""text"": ""reserve""}], ""sentence"": ""The beauty of cherry blossoms is enjoyed with _____, as people revel in their brief but stunning display."", ""question_text"": ""Fill in the blank:"", ""question_type"": ""fill_blank"", ""correct_answer"": ""A"", ""sentence_translation"": ""La beauté des fleurs de cerisier est appréciée avec abandon, car les gens se laissent emporter par leur bref mais magnifique spectacle.""}"
abdicate,mc_definition,1,verify,PASS,,"{""word"": ""abdicate"", ""options"": [{""id"": ""A"", ""text"": ""to give up or renounce a position, especially a throne, crown, or high office""}, {""id"": ""B"", ""text"": ""to take over a position, especially a throne, crown, or high office""}, {""id"": ""C"", ""text"": ""to temporarily step down from a position, with the intention of returning""}, {""id"": ""D"", ""text"": ""to transfer a position to a lower-ranking person""}], ""question_text"": ""What does 'abdicate' mean?"", ""question_type"": ""mc_definition"", ""correct_answer"": ""A""}"
abbreviate,fill_blank,1,verify,PASS,,"{""word"": ""abbreviate"", ""options"": [{""id"": ""A"", ""text"": ""abbreviate""}, {""id"": ""B"", ""text"": ""elaborate""}, {""id"": ""C"", ""text"": ""translate""}, {""id"": ""D"", ""text"": ""summarize""}], ""sentence"": ""The professor asked the students to _____ their essays to fit the one-page limit."", ""question_text"": ""Fill in the blank:"", ""question_type"": ""fill_blank"", ""correct_answer"": ""A"", ""sentence_translation"": ""Le professeur a demandé aux étudiants de réduire la longueur de leurs essais pour respecter la limite d'une page.""}"
abdicate,fill_blank,1,verify,PASS,,"{""word"": ""abdicate"", ""options"": [{""id"": ""A"", ""text"": ""abdicate""}, {""id"": ""B"", ""text"": ""resign""}, {""id"": ""C"", ""text"": ""inaugurate""}, {""id"": ""D"", ""text"": ""endorse""}], ""sentence"": ""The monarch was forced to _____, relinquishing the throne to his son."", ""question_text"": ""Fill in the blank:"", ""question_type"": ""fill_blank"", ""correct_answer"": ""A"", ""sentence_translation"": ""Le monarque fut forcé d'abdiquer, cédant le trône à son fils.""}"
abbreviate,mc_word,1,verify,PASS,,"{""word"": ""abbreviate"", ""options"": [{""id"": ""A"", ""text"": ""abbreviate""}, {""id"": ""B"", ""text"": ""condense""}, {""id"": ""C"", ""text"": ""elaborate""}, {""id"": ""D"", ""text"": ""summarize""}], ""question_text"": ""Which word matches this definition: 'to shorten or reduce something, especially a word or phrase, by leaving out some of its letters or syllables'?"", ""question_type"": ""mc_word"", ""correct_answer"": ""A""}"
abate,mc_word,1,verify,PASS,,"{""word"": ""abate"", ""options"": [{""id"": ""A"", ""text"": ""abate""}, {""id"": ""B"", ""text"": ""amplify""}, {""id"": ""C"", ""text"": ""mitigate""}, {""id"": ""D"", ""text"": ""aggravate""}], ""question_text"": ""Which word matches this definition: 'to reduce in amount or degree'?"", ""question_type"": ""mc_word"", ""correct_answer"": ""A""}"
abolish,mc_definition,1,verify,PASS,,"{""word"": ""abolish"", ""options"": [{""id"": ""A"", ""text"": ""to officially cancel or end something, such as a law, a system, or an institution""}, {""id"": ""B"", ""text"": ""to establish or introduce a new law, system, or institution""}, {""id"": ""C"", ""text"": ""to modify or change something, but not completely remove it""}, {""id"": ""D"", ""text"": ""to temporarily suspend or delay something""}], ""question_text"": ""What does 'abolish' mean?"", ""question_type"": ""mc_definition"", ""correct_answer"": ""A""}"
abstract,mc_word,1,verify,PASS,,"{""word"": ""abstract"", ""options"": [{""id"": ""A"", ""text"": ""abstract""}, {""id"": ""B"", ""text"": ""tangible""}, {""id"": ""C"", ""text"": ""intangible""}, {""id"": ""D"", ""text"": ""concrete""}], ""question_text"": ""Which word matches this definition: 'existing in thought or idea rather than in physical reality'?"", ""question_type"": ""mc_word"", ""correct_answer"": ""A""}"
ability,mc_word,1,verify,PASS,,"{""word"": ""ability"", ""options"": [{""id"": ""A"", ""text"": ""ability""}, {""id"": ""B"", ""text"": ""certainty""}, {""id"": ""C"", ""text"": ""capacity""}, {""id"": ""D"", ""text"": ""leniency""}], ""question_text"": ""Which word matches this definition: 'The quality or skill that enables someone to do something well'?"", ""question_type"": ""mc_word"", ""correct_answer"": ""A""}"
abhor,fill_blank,1,verify,PASS,,"{""word"": ""abhor"", ""options"": [{""id"": ""A"", ""text"": ""abhor""}, {""id"": ""B"", ""text"": ""admire""}, {""id"": ""C"", ""text"": ""tolerate""}, {""id"": ""D"", ""text"": ""celebrate""}], ""sentence"": ""The community leaders _____ the recent string of vandalism in the city."", ""question_text"": ""Fill in the blank:"", ""question_type"": ""fill_blank"", ""correct_answer"": ""A"", ""sentence_translation"": ""Les dirigeants communautaires détestent la récente série de vandalisme dans la ville.""}"
abate,mc_definition,1,verify,PASS,,"{""word"": ""abate"", ""options"": [{""id"": ""A"", ""text"": ""to reduce in amount or degree, or to put an end to a nuisance""}, {""id"": ""B"", ""text"": ""to increase in severity or intensity""}, {""id"": ""C"", ""text"": ""to maintain a steady level""}, {""id"": ""D"", ""text"": ""to completely eliminate or eradicate""}], ""question_text"": ""What does 'abate' mean?"", ""question_type"": ""mc_definition"", ""correct_answer"": ""A""}"
assess,mc_definition,1,verify,PASS,,"{""word"": ""assess"", ""options"": [{""id"": ""A"", ""text"": ""to evaluate or estimate the nature, quality, or significance of something""}, {""id"": ""B"", ""text"": ""to compare or contrast different things""}, {""id"": ""C"", ""text"": ""to criticize or find fault with something""}, {""id"": ""D"", ""text"": ""to ignore or disregard something""}], ""question_text"": ""What does 'assess' mean?"", ""question_type"": ""mc_definition"", ""correct_answer"": ""A""}"
assess,fill_blank,1,verify,PASS,,"{""word"": ""assess"", ""options"": [{""id"": ""A"", ""text"": ""assess""}, {""id"": ""B"", ""text"": ""dismiss""}, {""id"": ""C"", ""text"": ""decorate""}, {""id"": ""D"", ""text"": ""accelerate""}], ""sentence"": ""The teacher will ____ the students' performance at the end of the semester."", ""question_text"": ""Fill in the blank:"", ""question_type"": ""fill_blank"", ""correct_answer"": ""A"", ""sentence_translation"": ""L'enseignant évaluera les performances des élèves à la fin du semestre.""}"
aspect,fill_blank,1,verify,PASS,,"{""word"": ""aspect"", ""options"": [{""id"": ""A"", ""text"": ""an aspect""}, {""id"": ""B"", ""text"": ""a theory""}, {""id"": ""C"", ""text"": ""a habitat""}, {""id"": ""D"", ""text"": ""a symptom""}], ""sentence"": ""The beauty of cherry blossoms is an aspect that is fleeting, lasting only a few weeks."", ""question_text"": ""Fill in the blank:"", ""question_type"": ""fill_blank"", ""correct_answer"": ""A"", ""sentence_translation"": ""La beauté des fleurs de cerisier est un aspect éphémère, ne durant que quelques semaines.""}"
aspect,mc_word,1,verify,PASS,,"{""word"": ""aspect"", ""options"": [{""id"": ""A"", ""text"": ""aspect""}, {""id"": ""B"", ""text"": ""outlook""}, {""id"": ""C"", ""text"": ""prospect""}, {""id"": ""D"", ""text"": ""panorama""}], ""question_text"": ""Which word matches this definition: 'A particular part or feature of something'?"", ""question_type"": ""mc_word"", ""correct_answer"": ""A""}"
arrange,mc_word,1,verify,PASS,,"{""word"": ""arrange"", ""options"": [{""id"": ""A"", ""text"": ""arrange""}, {""id"": ""B"", ""text"": ""destroy""}, {""id"": ""C"", ""text"": ""coordinate""}, {""id"": ""D"", ""text"": ""delay""}], ""question_text"": ""Which word matches this definition: 'to organize or plan something'?"", ""question_type"": ""mc_word"", ""correct_answer"": ""A""}"
arrange,fill_blank,1,verify,PASS,,"{""word"": ""arrange"", ""options"": [{""id"": ""A"", ""text"": ""arrange""}, {""id"": ""B"", ""text"": ""delay""}, {""id"": ""C"", ""text"": ""disappear""}, {""id"": ""D"", ""text"": ""decorate""}], ""sentence"": ""The travel agency will help us ______ a trip to Europe for our summer vacation."", ""question_text"": ""Fill in the blank:"", ""question_type"": ""fill_blank"", ""correct_answer"": ""A"", ""sentence_translation"": ""L'agence de voyages nous aidera à organiser un voyage en Europe pour nos vacances d'été.""}"
argue,mc_word,1,verify,PASS,,"{""word"": ""argue"", ""options"": [{""id"": ""A"", ""text"": ""argue""}, {""id"": ""B"", ""text"": ""debate""}, {""id"": ""C"", ""text"": ""whisper""}, {""id"": ""D"", ""text"": ""justify""}], ""question_text"": ""Which word matches this definition: 'to give reasons or cite evidence in order to support a claim, point of view, or conclusion'?"", ""question_type"": ""mc_word"", ""correct_answer"": ""A""}"
argue,mc_definition,1,verify,PASS,,"{""word"": ""argue"", ""options"": [{""id"": ""A"", ""text"": ""to present reasons or evidence to support a claim or point of view""}, {""id"": ""B"", ""text"": ""to listen carefully to someone's opinion""}, {""id"": ""C"", ""text"": ""to agree with someone without discussion""}, {""id"": ""D"", ""text"": ""to ignore someone's point of view""}], ""question_text"": ""What does 'argue' mean?"", ""question_type"": ""mc_definition"", ""correct_answer"": ""A""}"
approximate,fill_blank,1,verify,FAIL,[major] The marked correct answer (D: approximate) is not correct for the context of the sentence.; There are multiple plausible answers (A: fleeting) that fit the sentence.,"{""word"": ""approximate"", ""options"": [{""id"": ""A"", ""text"": ""fleeting""}, {""id"": ""B"", ""text"": ""precise""}, {""id"": ""C"", ""text"": ""permanent""}, {""id"": ""D"", ""text"": ""approximate""}], ""sentence"": ""The beauty of cherry blossoms is _____, lasting only a few weeks."", ""question_text"": ""Fill in the blank:"", ""question_type"": ""fill_blank"", ""correct_answer"": ""D"", ""sentence_translation"": ""La beauté des fleurs de cerisier est approximative, ne durant que quelques semaines.""}"
approximate,fill_blank,1,regenerate,SUCCESS,Question regenerated (issues history: 1),"{""sentence"": ""The beauty of cherry blossoms is _____, lasting only a few weeks."", ""question_text"": ""Fill in the blank:"", ""options"": [{""id"": ""A"", ""text"": ""fleeting""}, {""id"": ""B"", ""text"": ""eternal""}, {""id"": ""C"", ""text"": ""constant""}, {""id"": ""D"", ""text"": ""unchanging""}], ""correct_answer"": ""A"", ""question_type"": ""fill_blank"", ""word"": ""approximate""}"
approximate,fill_blank,2,verify,FAIL,[major] The marked correct answer is not correct for the word 'approximate'.; The question is ambiguous as it does not clearly relate to the word being tested.,"{""sentence"": ""The beauty of cherry blossoms is _____, lasting only a few weeks."", ""question_text"": ""Fill in the blank:"", ""options"": [{""id"": ""A"", ""text"": ""fleeting""}, {""id"": ""B"", ""text"": ""eternal""}, {""id"": ""C"", ""text"": ""constant""}, {""id"": ""D"", ""text"": ""unchanging""}], ""correct_answer"": ""A"", ""question_type"": ""fill_blank"", ""word"": ""approximate""}"
approximate,fill_blank,2,regenerate,SUCCESS,Question regenerated (issues history: 2),"{""sentence"": ""The scientist's estimate of the project's completion time was _____, as it was based on preliminary data."", ""question_text"": ""Fill in the blank:"", ""options"": [{""id"": ""A"", ""text"": ""approximate""}, {""id"": ""B"", ""text"": ""exact""}, {""id"": ""C"", ""text"": ""definite""}, {""id"": ""D"", ""text"": ""precise""}], ""correct_answer"": ""A"", ""question_type"": ""fill_blank"", ""word"": ""approximate""}"
approximate,fill_blank,3,verify,FAIL,[major] The marked correct answer is not the best fit for the context of the sentence.,"{""sentence"": ""The scientist's estimate of the project's completion time was _____, as it was based on preliminary data."", ""question_text"": ""Fill in the blank:"", ""options"": [{""id"": ""A"", ""text"": ""approximate""}, {""id"": ""B"", ""text"": ""exact""}, {""id"": ""C"", ""text"": ""definite""}, {""id"": ""D"", ""text"": ""precise""}], ""correct_answer"": ""A"", ""question_type"": ""fill_blank"", ""word"": ""approximate""}"
approximate,fill_blank,3,regenerate,SUCCESS,Question regenerated (issues history: 3),"{""sentence"": ""The scientist provided an _____ estimate of the project's completion time, relying on preliminary data."", ""question_text"": ""Fill in the blank:"", ""options"": [{""id"": ""A"", ""text"": ""approximate""}, {""id"": ""B"", ""text"": ""exact""}, {""id"": ""C"", ""text"": ""final""}, {""id"": ""D"", ""text"": ""certain""}], ""correct_answer"": ""A"", ""question_type"": ""fill_blank"", ""word"": ""approximate""}"
approximate,fill_blank,4,verify,PASS,,"{""sentence"": ""The scientist provided an _____ estimate of the project's completion time, relying on preliminary data."", ""question_text"": ""Fill in the blank:"", ""options"": [{""id"": ""A"", ""text"": ""approximate""}, {""id"": ""B"", ""text"": ""exact""}, {""id"": ""C"", ""text"": ""final""}, {""id"": ""D"", ""text"": ""certain""}], ""correct_answer"": ""A"", ""question_type"": ""fill_blank"", ""word"": ""approximate""}"
approximate,mc_definition,1,verify,PASS,,"{""word"": ""approximate"", ""options"": [{""id"": ""A"", ""text"": ""close to the actual value, but not precisely known""}, {""id"": ""B"", ""text"": ""exactly known or measured""}, {""id"": ""C"", ""text"": ""far from the actual value""}, {""id"": ""D"", ""text"": ""completely unknown""}], ""question_text"": ""What does 'approximate' mean?"", ""question_type"": ""mc_definition"", ""correct_answer"": ""A""}"
approve,mc_word,1,verify,PASS,,"{""word"": ""approve"", ""options"": [{""id"": ""A"", ""text"": ""approve""}, {""id"": ""B"", ""text"": ""disagree""}, {""id"": ""C"", ""text"": ""refuse""}, {""id"": ""D"", ""text"": ""endorse""}], ""question_text"": ""Which word matches this definition: 'to agree with or consent to something'?"", ""question_type"": ""mc_word"", ""correct_answer"": ""A""}"
appropriate,mc_definition,1,verify,PASS,,"{""word"": ""appropriate"", ""options"": [{""id"": ""A"", ""text"": ""Suitable or proper in the circumstances""}, {""id"": ""B"", ""text"": ""Completely necessary or required""}, {""id"": ""C"", ""text"": ""To assign or allocate something for a specific use""}, {""id"": ""D"", ""text"": ""Extremely good or of very high quality""}], ""question_text"": ""What does 'appropriate' mean?"", ""question_type"": ""mc_definition"", ""correct_answer"": ""A""}"
appropriate,mc_word,1,verify,PASS,,"{""word"": ""appropriate"", ""options"": [{""id"": ""A"", ""text"": ""appropriate""}, {""id"": ""B"", ""text"": ""excessive""}, {""id"": ""C"", ""text"": ""relevant""}, {""id"": ""D"", ""text"": ""inadequate""}], ""question_text"": ""Which word matches this definition: 'suitable or proper in the circumstances'?"", ""question_type"": ""mc_word"", ""correct_answer"": ""A""}"
approach,mc_definition,1,verify,PASS,,"{""word"": ""approach"", ""options"": [{""id"": ""A"", ""text"": ""A way of dealing with something or coming near to it""}, {""id"": ""B"", ""text"": ""A type of departure or exit strategy""}, {""id"": ""C"", ""text"": ""An exact or precise method of analysis""}, {""id"": ""D"", ""text"": ""A distant or remote way of observing something""}], ""question_text"": ""What does 'approach' mean?"", ""question_type"": ""mc_definition"", ""correct_answer"": ""A""}"
appeal,mc_definition,1,verify,PASS,,"{""word"": ""appeal"", ""options"": [{""id"": ""A"", ""text"": ""A serious request for help, support, or sympathy, or the quality that makes something attractive.""}, {""id"": ""B"", ""text"": ""A casual suggestion or informal request.""}, {""id"": ""C"", ""text"": ""The act of criticizing or condemning someone or something.""}, {""id"": ""D"", ""text"": ""A formal complaint or a dispute between parties.""}], ""question_text"": ""What does 'appeal' mean?"", ""question_type"": ""mc_definition"", ""correct_answer"": ""A""}"
apparent,mc_definition,1,verify,PASS,,"{""word"": ""apparent"", ""options"": [{""id"": ""A"", ""text"": ""clear or obvious, but not necessarily certain or proven""}, {""id"": ""B"", ""text"": ""hidden or difficult to notice""}, {""id"": ""C"", ""text"": ""completely certain or proven""}, {""id"": ""D"", ""text"": ""unlikely or improbable""}], ""question_text"": ""What does 'apparent' mean?"", ""question_type"": ""mc_definition"", ""correct_answer"": ""A""}"
anxiety,mc_definition,1,verify,PASS,,"{""word"": ""anxiety"", ""options"": [{""id"": ""A"", ""text"": ""A feeling of worry or nervousness about something that may happen""}, {""id"": ""B"", ""text"": ""A state of calmness and relaxation""}, {""id"": ""C"", ""text"": ""A type of physical illness or disease""}, {""id"": ""D"", ""text"": ""A feeling of excitement or enthusiasm""}], ""question_text"": ""What does 'anxiety' mean?"", ""question_type"": ""mc_definition"", ""correct_answer"": ""A""}"
allow,mc_word,1,verify,PASS,,"{""word"": ""allow"", ""options"": [{""id"": ""A"", ""text"": ""allow""}, {""id"": ""B"", ""text"": ""refuse""}, {""id"": ""C"", ""text"": ""permit""}, {""id"": ""D"", ""text"": ""deny""}], ""question_text"": ""Which word matches this definition: 'to give permission or let someone do something'?"", ""question_type"": ""mc_word"", ""correct_answer"": ""A""}"
annual,fill_blank,1,verify,PASS,,"{""word"": ""annual"", ""options"": [{""id"": ""A"", ""text"": ""annual""}, {""id"": ""B"", ""text"": ""occasional""}, {""id"": ""C"", ""text"": ""daily""}, {""id"": ""D"", ""text"": ""biweekly""}], ""sentence"": ""The company publishes an ____ report that summarizes its financial performance."", ""question_text"": ""Fill in the blank:"", ""question_type"": ""fill_blank"", ""correct_answer"": ""A"", ""sentence_translation"": ""L'entreprise publie un rapport ____ qui résume sa performance financière.""}"
annual,mc_definition,1,verify,PASS,,"{""word"": ""annual"", ""options"": [{""id"": ""A"", ""text"": ""Occurring or done once a year""}, {""id"": ""B"", ""text"": ""Happening every other year""}, {""id"": ""C"", ""text"": ""A type of plant that lives for several years""}, {""id"": ""D"", ""text"": ""A recurring event that happens every few years""}], ""question_text"": ""What does 'annual' mean?"", ""question_type"": ""mc_definition"", ""correct_answer"": ""A""}"
ambitious,fill_blank,1,verify,PASS,,"{""word"": ""ambitious"", ""options"": [{""id"": ""A"", ""text"": ""ambitious""}, {""id"": ""B"", ""text"": ""leisurely""}, {""id"": ""C"", ""text"": ""apathetic""}, {""id"": ""D"", ""text"": ""meek""}], ""sentence"": ""The company's ____ goals for expansion have raised concerns among investors."", ""question_text"": ""Fill in the blank:"", ""question_type"": ""fill_blank"", ""correct_answer"": ""A"", ""sentence_translation"": ""Les objectifs ____ de l'entreprise pour l'expansion ont suscité des inquiétudes parmi les investisseurs.""}"
ambitious,mc_definition,1,verify,PASS,,"{""word"": ""ambitious"", ""options"": [{""id"": ""A"", ""text"": ""Having a strong desire to succeed or achieve something""}, {""id"": ""B"", ""text"": ""Being satisfied with one's current situation""}, {""id"": ""C"", ""text"": ""Having a strong sense of responsibility towards others""}, {""id"": ""D"", ""text"": ""Being very cautious and risk-averse in one's endeavors""}], ""question_text"": ""What does 'ambitious' mean?"", ""question_type"": ""mc_definition"", ""correct_answer"": ""A""}"
ambiguous,fill_blank,1,verify,PASS,,"{""word"": ""ambiguous"", ""options"": [{""id"": ""A"", ""text"": ""ambiguous""}, {""id"": ""B"", ""text"": ""specific""}, {""id"": ""C"", ""text"": ""vague but certain""}, {""id"": ""D"", ""text"": ""redundant""}], ""sentence"": ""The politician's statement was so ____ that it sparked a heated debate among the public."", ""question_text"": ""Fill in the blank:"", ""question_type"": ""fill_blank"", ""correct_answer"": ""A"", ""sentence_translation"": ""La déclaration du politicien était si ambiguë qu'elle a déclenché un débat houleux parmi le public.""}"
ambiguous,mc_word,1,verify,PASS,,"{""word"": ""ambiguous"", ""options"": [{""id"": ""A"", ""text"": ""ambiguous""}, {""id"": ""B"", ""text"": ""equivocal""}, {""id"": ""C"", ""text"": ""explicit""}, {""id"": ""D"", ""text"": ""unambiguous""}], ""question_text"": ""Which word matches this definition: 'open to more than one interpretation; having a double meaning'?"", ""question_type"": ""mc_word"", ""correct_answer"": ""A""}"
amateur,mc_definition,1,verify,PASS,,"{""word"": ""amateur"", ""options"": [{""id"": ""A"", ""text"": ""A person who does something for pleasure, not professionally.""}, {""id"": ""B"", ""text"": ""A person who is paid to do something they enjoy.""}, {""id"": ""C"", ""text"": ""An expert or professional in a particular field.""}, {""id"": ""D"", ""text"": ""Someone who does something only for money.""}], ""question_text"": ""What does 'amateur' mean?"", ""question_type"": ""mc_definition"", ""correct_answer"": ""A""}"
amateur,mc_word,1,verify,PASS,,"{""word"": ""amateur"", ""options"": [{""id"": ""A"", ""text"": ""amateur""}, {""id"": ""B"", ""text"": ""hobbyist""}, {""id"": ""C"", ""text"": ""specialist""}, {""id"": ""D"", ""text"": ""connoisseur""}], ""question_text"": ""Which word matches this definition: 'A person who engages in an activity for pleasure rather than professionally.'?"", ""question_type"": ""mc_word"", ""correct_answer"": ""A""}"
allow,fill_blank,1,verify,PASS,,"{""word"": ""allow"", ""options"": [{""id"": ""A"", ""text"": ""allow""}, {""id"": ""B"", ""text"": ""refuse""}, {""id"": ""C"", ""text"": ""deny""}, {""id"": ""D"", ""text"": ""reject""}], ""sentence"": ""The new policy will _____ employees to work from home one day a week."", ""question_text"": ""Fill in the blank:"", ""question_type"": ""fill_blank"", ""correct_answer"": ""A"", ""sentence_translation"": ""La nouvelle politique permettra aux employés de travailler à domicile un jour par semaine.""}"
alternative,fill_blank,1,verify,PASS,,"{""word"": ""alternative"", ""options"": [{""id"": ""A"", ""text"": ""alternative""}, {""id"": ""B"", ""text"": ""supplementary""}, {""id"": ""C"", ""text"": ""complementary""}, {""id"": ""D"", ""text"": ""primary""}], ""sentence"": ""The company had to find an _____ to their current supplier due to the rising costs."", ""question_text"": ""Fill in the blank:"", ""question_type"": ""fill_blank"", ""correct_answer"": ""A"", ""sentence_translation"": ""L'entreprise devait trouver une solution de remplacement à son fournisseur actuel en raison de l'augmentation des coûts.""}"
allocate,mc_word,1,verify,PASS,,"{""word"": ""allocate"", ""options"": [{""id"": ""A"", ""text"": ""allocate""}, {""id"": ""B"", ""text"": ""abolish""}, {""id"": ""C"", ""text"": ""assign""}, {""id"": ""D"", ""text"": ""amend""}], ""question_text"": ""Which word matches this definition: 'to distribute or apportion something, especially resources or tasks, to different people or purposes'?"", ""question_type"": ""mc_word"", ""correct_answer"": ""A""}"
allocate,mc_definition,1,verify,PASS,,"{""word"": ""allocate"", ""options"": [{""id"": ""A"", ""text"": ""to distribute or apportion resources or tasks to different people or purposes""}, {""id"": ""B"", ""text"": ""to gather or collect resources or tasks from different people or purposes""}, {""id"": ""C"", ""text"": ""to calculate or estimate the cost of resources or tasks""}, {""id"": ""D"", ""text"": ""to prioritize or schedule tasks without assigning them""}], ""question_text"": ""What does 'allocate' mean?"", ""question_type"": ""mc_definition"", ""correct_answer"": ""A""}"
aid,fill_blank,1,verify,PASS,,"{""word"": ""aid"", ""options"": [{""id"": ""A"", ""text"": ""aid""}, {""id"": ""B"", ""text"": ""damage""}, {""id"": ""C"", ""text"": ""relief""}, {""id"": ""D"", ""text"": ""punishment""}], ""sentence"": ""The charity provided food and _____ to the victims of the natural disaster."", ""question_text"": ""Fill in the blank:"", ""question_type"": ""fill_blank"", ""correct_answer"": ""A"", ""sentence_translation"": ""L'organisme de bienfaisance a fourni de la nourriture et une aide aux victimes de la catastrophe naturelle.""}"
agriculture,fill_blank,1,verify,PASS,,"{""word"": ""agriculture"", ""options"": [{""id"": ""A"", ""text"": ""agriculture""}, {""id"": ""B"", ""text"": ""ecology""}, {""id"": ""C"", ""text"": ""urbanization""}, {""id"": ""D"", ""text"": ""architecture""}], ""sentence"": ""The government provides subsidies to farmers to support sustainable _____."", ""question_text"": ""Fill in the blank:"", ""question_type"": ""fill_blank"", ""correct_answer"": ""A"", ""sentence_translation"": ""Le gouvernement fournit des subventions aux agriculteurs pour soutenir l'_____ durable.""}"
alternative,mc_word,1,verify,PASS,,"{""word"": ""alternative"", ""options"": [{""id"": ""A"", ""text"": ""alternative""}, {""id"": ""B"", ""text"": ""optional""}, {""id"": ""C"", ""text"": ""conventional""}, {""id"": ""D"", ""text"": ""substitute""}], ""question_text"": ""Which word matches this definition: 'A choice or option that is different from the usual or expected one'?"", ""question_type"": ""mc_word"", ""correct_answer"": ""A""}"
allow,mc_definition,1,verify,PASS,,"{""word"": ""allow"", ""options"": [{""id"": ""A"", ""text"": ""to give permission or let someone do something""}, {""id"": ""B"", ""text"": ""to completely prevent or stop something""}, {""id"": ""C"", ""text"": ""to carefully watch or observe something""}, {""id"": ""D"", ""text"": ""to strongly advise or recommend something""}], ""question_text"": ""What does 'allow' mean?"", ""question_type"": ""mc_definition"", ""correct_answer"": ""A""}"
allocate,fill_blank,1,verify,PASS,,"{""word"": ""allocate"", ""options"": [{""id"": ""A"", ""text"": ""allocate""}, {""id"": ""B"", ""text"": ""concentrate""}, {""id"": ""C"", ""text"": ""terminate""}, {""id"": ""D"", ""text"": ""reconsider""}], ""sentence"": ""The manager will _____, tasks to team members based on their strengths and weaknesses."", ""question_text"": ""Fill in the blank:"", ""question_type"": ""fill_blank"", ""correct_answer"": ""A"", ""sentence_translation"": ""Le gestionnaire va allouer les tâches aux membres de l'équipe en fonction de leurs forces et faiblesses.""}"
aid,mc_word,1,verify,PASS,,"{""word"": ""aid"", ""options"": [{""id"": ""A"", ""text"": ""aid""}, {""id"": ""B"", ""text"": ""avert""}, {""id"": ""C"", ""text"": ""assist""}, {""id"": ""D"", ""text"": ""hinder""}], ""question_text"": ""Which word matches this definition: 'Help or assistance given to someone'?"", ""question_type"": ""mc_word"", ""correct_answer"": ""A""}"
agriculture,mc_word,1,verify,PASS,,"{""word"": ""agriculture"", ""options"": [{""id"": ""A"", ""text"": ""agriculture""}, {""id"": ""B"", ""text"": ""horticulture""}, {""id"": ""C"", ""text"": ""ecology""}, {""id"": ""D"", ""text"": ""sylviculture""}], ""question_text"": ""Which word matches this definition: 'The practice of cultivating the land and breeding plants and animals to provide food, fiber, medicinal plants, and other products to sustain and enhance human life.'?"", ""question_type"": ""mc_word"", ""correct_answer"": ""A""}"
afford,fill_blank,1,verify,PASS,,"{""word"": ""afford"", ""options"": [{""id"": ""A"", ""text"": ""afford""}, {""id"": ""B"", ""text"": ""allow""}, {""id"": ""C"", ""text"": ""provide""}, {""id"": ""D"", ""text"": ""lend""}], ""sentence"": ""The family can _____ to go on a vacation to Europe every summer."", ""question_text"": ""Fill in the blank:"", ""question_type"": ""fill_blank"", ""correct_answer"": ""A"", ""sentence_translation"": ""La famille peut se permettre d'aller en vacances en Europe chaque été.""}"
aid,mc_definition,1,verify,PASS,,"{""word"": ""aid"", ""options"": [{""id"": ""A"", ""text"": ""Help or assistance given to someone""}, {""id"": ""B"", ""text"": ""A type of medical treatment""}, {""id"": ""C"", ""text"": ""Financial support for a project""}, {""id"": ""D"", ""text"": ""A barrier or obstacle""}], ""question_text"": ""What does 'aid' mean?"", ""question_type"": ""mc_definition"", ""correct_answer"": ""A""}"
agriculture,mc_definition,1,verify,PASS,,"{""word"": ""agriculture"", ""options"": [{""id"": ""A"", ""text"": ""The practice of cultivating the land and breeding plants and animals to provide food, fiber, and other products to sustain human life.""}, {""id"": ""B"", ""text"": ""The process of extracting natural resources, such as minerals and fossil fuels, from the earth.""}, {""id"": ""C"", ""text"": ""The art and science of raising livestock and poultry for meat, dairy, and other animal products.""}, {""id"": ""D"", ""text"": ""The study of the environment and the conservation of natural resources, including ecosystems and biodiversity.""}], ""question_text"": ""What does 'agriculture' mean?"", ""question_type"": ""mc_definition"", ""correct_answer"": ""A""}"
afford,mc_definition,1,verify,PASS,,"{""word"": ""afford"", ""options"": [{""id"": ""A"", ""text"": ""to have enough money to buy or pay for something""}, {""id"": ""B"", ""text"": ""to earn a high income""}, {""id"": ""C"", ""text"": ""to save for the future""}, {""id"": ""D"", ""text"": ""to spend extravagantly""}], ""question_text"": ""What does 'afford' mean?"", ""question_type"": ""mc_definition"", ""correct_answer"": ""A""}"
affordable,fill_blank,1,verify,PASS,,"{""word"": ""affordable"", ""options"": [{""id"": ""A"", ""text"": ""affordable""}, {""id"": ""B"", ""text"": ""exorbitant""}, {""id"": ""C"", ""text"": ""luxurious""}, {""id"": ""D"", ""text"": ""sporadic""}], ""sentence"": ""The new housing complex offers _____ prices for low-income families."", ""question_text"": ""Fill in the blank:"", ""question_type"": ""fill_blank"", ""correct_answer"": ""A"", ""sentence_translation"": ""Le nouveau complexe de logements offre des prix _____ pour les familles à faible revenu.""}"
affluent,mc_definition,1,verify,PASS,,"{""word"": ""affluent"", ""options"": [{""id"": ""A"", ""text"": ""Having a large amount of money or possessions""}, {""id"": ""B"", ""text"": ""Having a strong influence or power""}, {""id"": ""C"", ""text"": ""Having a high level of education or intelligence""}, {""id"": ""D"", ""text"": ""Having a lot of free time or leisure activities""}], ""question_text"": ""What does 'affluent' mean?"", ""question_type"": ""mc_definition"", ""correct_answer"": ""A""}"
affordable,mc_definition,1,verify,PASS,,"{""word"": ""affordable"", ""options"": [{""id"": ""A"", ""text"": ""Having a reasonable or low price, making it possible for people to buy or use something""}, {""id"": ""B"", ""text"": ""Being of very high quality, making it desirable for people to buy or use something""}, {""id"": ""C"", ""text"": ""Available for a limited time, making it urgent for people to buy or use something""}, {""id"": ""D"", ""text"": ""Having a high price, but with additional features that make it valuable for people to buy or use something""}], ""question_text"": ""What does 'affordable' mean?"", ""question_type"": ""mc_definition"", ""correct_answer"": ""A""}"
affluent,mc_word,1,verify,PASS,,"{""word"": ""affluent"", ""options"": [{""id"": ""A"", ""text"": ""affluent""}, {""id"": ""B"", ""text"": ""austere""}, {""id"": ""C"", ""text"": ""prosperous""}, {""id"": ""D"", ""text"": ""frugal""}], ""question_text"": ""Which word matches this definition: 'Having a large amount of money or possessions'?"", ""question_type"": ""mc_word"", ""correct_answer"": ""A""}"
affirm,fill_blank,1,verify,PASS,,"{""word"": ""affirm"", ""options"": [{""id"": ""A"", ""text"": ""affirm""}, {""id"": ""B"", ""text"": ""deny""}, {""id"": ""C"", ""text"": ""refute""}, {""id"": ""D"", ""text"": ""revise""}], ""sentence"": ""The witness was asked to _____ her statement under oath."", ""question_text"": ""Fill in the blank:"", ""question_type"": ""fill_blank"", ""correct_answer"": ""A"", ""sentence_translation"": ""La témoin a été demandé de confirmer sa déclaration sous serment.""}"
affection,fill_blank,1,verify,PASS,,"{""word"": ""affection"", ""options"": [{""id"": ""A"", ""text"": ""affection""}, {""id"": ""B"", ""text"": ""anger""}, {""id"": ""C"", ""text"": ""excitement""}, {""id"": ""D"", ""text"": ""relief""}], ""sentence"": ""She showed her _____ for her children by spending quality time with them."", ""question_text"": ""Fill in the blank:"", ""question_type"": ""fill_blank"", ""correct_answer"": ""A"", ""sentence_translation"": ""Elle montrait son affection pour ses enfants en passant du temps de qualité avec eux.""}"
affect,fill_blank,1,verify,PASS,,"{""word"": ""affect"", ""options"": [{""id"": ""A"", ""text"": ""affect""}, {""id"": ""B"", ""text"": ""effect""}, {""id"": ""C"", ""text"": ""influence on""}, {""id"": ""D"", ""text"": ""impact to""}], ""sentence"": ""The cold weather will _____ the crops."", ""question_text"": ""Fill in the blank:"", ""question_type"": ""fill_blank"", ""correct_answer"": ""A"", ""sentence_translation"": ""Le temps froid _____ les récoltes.""}"
aesthetic,mc_definition,1,verify,PASS,,"{""word"": ""aesthetic"", ""options"": [{""id"": ""A"", ""text"": ""relating to beauty or taste, or a set of principles guiding an artist's work""}, {""id"": ""B"", ""text"": ""the study of art history and cultural context""}, {""id"": ""C"", ""text"": ""a focus on functionality and practicality""}, {""id"": ""D"", ""text"": ""the emotional response to a work of art""}], ""question_text"": ""What does 'aesthetic' mean?"", ""question_type"": ""mc_definition"", ""correct_answer"": ""A""}"
advocate,fill_blank,1,verify,PASS,,"{""word"": ""advocate"", ""options"": [{""id"": ""A"", ""text"": ""advocate""}, {""id"": ""B"", ""text"": ""opponent""}, {""id"": ""C"", ""text"": ""judge""}, {""id"": ""D"", ""text"": ""witness""}], ""sentence"": ""As a lawyer, she has been a strong ______ for her clients' rights in court."", ""question_text"": ""Fill in the blank:"", ""question_type"": ""fill_blank"", ""correct_answer"": ""A"", ""sentence_translation"": ""En tant qu'avocate, elle a été une fervente défenseure des droits de ses clients devant le tribunal.""}"
adverse,mc_definition,1,verify,PASS,,"{""word"": ""adverse"", ""options"": [{""id"": ""A"", ""text"": ""Unfavorable or contrary to one's interests or well-being.""}, {""id"": ""B"", ""text"": ""Favorable or supportive of one's goals.""}, {""id"": ""C"", ""text"": ""Neutral or unbiased in its effects.""}, {""id"": ""D"", ""text"": ""Severe or extreme in its consequences.""}], ""question_text"": ""What does 'adverse' mean?"", ""question_type"": ""mc_definition"", ""correct_answer"": ""A""}"
advantage,fill_blank,1,verify,PASS,,"{""word"": ""advantage"", ""options"": [{""id"": ""A"", ""text"": ""advantage""}, {""id"": ""B"", ""text"": ""obstacle""}, {""id"": ""C"", ""text"": ""expense""}, {""id"": ""D"", ""text"": ""disability""}], ""sentence"": ""Having a good education can give you an _____ in the job market."", ""question_text"": ""Fill in the blank:"", ""question_type"": ""fill_blank"", ""correct_answer"": ""A"", ""sentence_translation"": ""Avoir une bonne éducation peut vous donner un avantage sur le marché du travail.""}"
advance,mc_word,1,verify,PASS,,"{""word"": ""advance"", ""options"": [{""id"": ""A"", ""text"": ""advance""}, {""id"": ""B"", ""text"": ""retreat""}, {""id"": ""C"", ""text"": ""progress""}, {""id"": ""D"", ""text"": ""delay""}], ""question_text"": ""Which word matches this definition: 'to move forward or ahead'?"", ""question_type"": ""mc_word"", ""correct_answer"": ""A""}"
adopt,mc_word,1,verify,FAIL,[major] The marked correct answer is not the best fit for the definition provided.; The options include 'assume' which is also a plausible answer.,"{""word"": ""adopt"", ""options"": [{""id"": ""A"", ""text"": ""adopt""}, {""id"": ""B"", ""text"": ""adapt""}, {""id"": ""C"", ""text"": ""adorn""}, {""id"": ""D"", ""text"": ""assume""}], ""question_text"": ""Which word matches this definition: 'to take on or assume a certain role, responsibility, or attitude'?"", ""question_type"": ""mc_word"", ""correct_answer"": ""A""}"
adopt,mc_word,1,regenerate,SUCCESS,Question regenerated (issues history: 1),"{""question_text"": ""Which word matches this definition: 'to take on or accept a new idea, method, or responsibility'?"", ""options"": [{""id"": ""A"", ""text"": ""adopt""}, {""id"": ""B"", ""text"": ""reject""}, {""id"": ""C"", ""text"": ""modify""}, {""id"": ""D"", ""text"": ""ignore""}], ""correct_answer"": ""A"", ""question_type"": ""mc_word"", ""word"": ""adopt""}"
adopt,mc_word,2,verify,PASS,,"{""question_text"": ""Which word matches this definition: 'to take on or accept a new idea, method, or responsibility'?"", ""options"": [{""id"": ""A"", ""text"": ""adopt""}, {""id"": ""B"", ""text"": ""reject""}, {""id"": ""C"", ""text"": ""modify""}, {""id"": ""D"", ""text"": ""ignore""}], ""correct_answer"": ""A"", ""question_type"": ""mc_word"", ""word"": ""adopt""}"
admit,mc_word,1,verify,PASS,,"{""word"": ""admit"", ""options"": [{""id"": ""A"", ""text"": ""admit""}, {""id"": ""B"", ""text"": ""deny""}, {""id"": ""C"", ""text"": ""confess""}, {""id"": ""D"", ""text"": ""refuse""}], ""question_text"": ""Which word matches this definition: 'to accept or acknowledge something, especially a fact or a mistake'?"", ""question_type"": ""mc_word"", ""correct_answer"": ""A""}"
administer,mc_definition,1,verify,PASS,,"{""word"": ""administer"", ""options"": [{""id"": ""A"", ""text"": ""to manage or direct the affairs of, or to give or apply something, especially a medicine or treatment""}, {""id"": ""B"", ""text"": ""to create or develop a plan or policy""}, {""id"": ""C"", ""text"": ""to investigate or research a topic""}, {""id"": ""D"", ""text"": ""to criticize or evaluate something""}], ""question_text"": ""What does 'administer' mean?"", ""question_type"": ""mc_definition"", ""correct_answer"": ""A""}"
adjust,mc_definition,1,verify,PASS,,"{""word"": ""adjust"", ""options"": [{""id"": ""A"", ""text"": ""to change something slightly to make it more suitable or effective""}, {""id"": ""B"", ""text"": ""to completely replace something with something new""}, {""id"": ""C"", ""text"": ""to examine or inspect something carefully""}, {""id"": ""D"", ""text"": ""to move something to a different location""}], ""question_text"": ""What does 'adjust' mean?"", ""question_type"": ""mc_definition"", ""correct_answer"": ""A""}"
adjacent,mc_definition,1,verify,PASS,,"{""word"": ""adjacent"", ""options"": [{""id"": ""A"", ""text"": ""Located near or next to something""}, {""id"": ""B"", ""text"": ""Far away from something""}, {""id"": ""C"", ""text"": ""Directly across from something""}, {""id"": ""D"", ""text"": ""Completely surrounded by something""}], ""question_text"": ""What does 'adjacent' mean?"", ""question_type"": ""mc_definition"", ""correct_answer"": ""A""}"
adequate,fill_blank,1,verify,PASS,,"{""word"": ""adequate"", ""options"": [{""id"": ""A"", ""text"": ""adequate""}, {""id"": ""B"", ""text"": ""exquisite""}, {""id"": ""C"", ""text"": ""insufficient""}, {""id"": ""D"", ""text"": ""extravagant""}], ""sentence"": ""The hotel room was _____ for our needs, with a comfortable bed and clean amenities."", ""question_text"": ""Fill in the blank:"", ""question_type"": ""fill_blank"", ""correct_answer"": ""A"", ""sentence_translation"": ""La chambre d'hôtel était suffisante pour nos besoins, avec un lit confortable et des équipements propres.""}"
acquire,fill_blank,1,verify,PASS,,"{""word"": ""acquire"", ""options"": [{""id"": ""A"", ""text"": ""acquire""}, {""id"": ""B"", ""text"": ""release""}, {""id"": ""C"", ""text"": ""donate""}, {""id"": ""D"", ""text"": ""disperse""}], ""sentence"": ""The company plans to _____ several new assets this year to expand its operations."", ""question_text"": ""Fill in the blank:"", ""question_type"": ""fill_blank"", ""correct_answer"": ""A"", ""sentence_translation"": ""L'entreprise prévoit d'acquérir plusieurs nouveaux actifs cette année pour développer ses opérations.""}"
accumulate,mc_word,1,verify,PASS,,"{""word"": ""accumulate"", ""options"": [{""id"": ""A"", ""text"": ""accumulate""}, {""id"": ""B"", ""text"": ""disperse""}, {""id"": ""C"", ""text"": ""amass""}, {""id"": ""D"", ""text"": ""dissipate""}], ""question_text"": ""Which word matches this definition: 'to gather or collect something, especially money or knowledge, over a period of time'?"", ""question_type"": ""mc_word"", ""correct_answer"": ""A""}"
accompany,mc_word,1,verify,PASS,,"{""word"": ""accompany"", ""options"": [{""id"": ""A"", ""text"": ""accompany""}, {""id"": ""B"", ""text"": ""precede""}, {""id"": ""C"", ""text"": ""escort""}, {""id"": ""D"", ""text"": ""follow""}], ""question_text"": ""Which word matches this definition: 'to go or be with someone as a companion or escort'?"", ""question_type"": ""mc_word"", ""correct_answer"": ""A""}"
absorb,mc_definition,1,verify,PASS,,"{""word"": ""absorb"", ""options"": [{""id"": ""A"", ""text"": ""to take in or soak up a substance""}, {""id"": ""B"", ""text"": ""to reflect or bounce back light""}, {""id"": ""C"", ""text"": ""to hold or keep something away""}, {""id"": ""D"", ""text"": ""to throw or push something outward""}], ""question_text"": ""What does 'absorb' mean?"", ""question_type"": ""mc_definition"", ""correct_answer"": ""A""}"
abridge,fill_blank,1,verify,PASS,,"{""word"": ""abridge"", ""options"": [{""id"": ""A"", ""text"": ""abridge""}, {""id"": ""B"", ""text"": ""expand""}, {""id"": ""C"", ""text"": ""illustrate""}, {""id"": ""D"", ""text"": ""delay""}], ""sentence"": ""The publisher decided to _____ the novel to make it more accessible to a wider audience."", ""question_text"": ""Fill in the blank:"", ""question_type"": ""fill_blank"", ""correct_answer"": ""A"", ""sentence_translation"": ""L'éditeur a décidé de résumer le roman pour le rendre plus accessible à un public plus large.""}"
abrasive,mc_definition,1,verify,PASS,,"{""word"": ""abrasive"", ""options"": [{""id"": ""A"", ""text"": ""Having a rough or harsh quality, often causing friction or irritation.""}, {""id"": ""B"", ""text"": ""Being extremely delicate or fragile.""}, {""id"": ""C"", ""text"": ""A type of smooth, polished surface.""}, {""id"": ""D"", ""text"": ""A substance used for creating a slippery surface.""}], ""question_text"": ""What does 'abrasive' mean?"", ""question_type"": ""mc_definition"", ""correct_answer"": ""A""}"
abide,fill_blank,1,verify,PASS,,"{""word"": ""abide"", ""options"": [{""id"": ""A"", ""text"": ""abide""}, {""id"": ""B"", ""text"": ""accelerate""}, {""id"": ""C"", ""text"": ""commute""}, {""id"": ""D"", ""text"": ""terminate""}], ""sentence"": ""The family decided to ______ in their summer home for three months."", ""question_text"": ""Fill in the blank:"", ""question_type"": ""fill_blank"", ""correct_answer"": ""A"", ""sentence_translation"": ""La famille a décidé de demeurer dans leur résidence d'été pendant trois mois.""}"
adapt,mc_word,1,verify,PASS,,"{""word"": ""adapt"", ""options"": [{""id"": ""A"", ""text"": ""adapt""}, {""id"": ""B"", ""text"": ""adopt""}, {""id"": ""C"", ""text"": ""modify""}, {""id"": ""D"", ""text"": ""repair""}], ""question_text"": ""Which word matches this definition: 'to change something to make it suitable for a new use or situation'?"", ""question_type"": ""mc_word"", ""correct_answer"": ""A""}"
accommodate,mc_definition,1,verify,PASS,,"{""word"": ""accommodate"", ""options"": [{""id"": ""A"", ""text"": ""to provide someone with a place to stay or live, or to make something convenient or suitable for someone""}, {""id"": ""B"", ""text"": ""to travel to a new location""}, {""id"": ""C"", ""text"": ""to decorate a place""}, {""id"": ""D"", ""text"": ""to refuse someone's request""}], ""question_text"": ""What does 'accommodate' mean?"", ""question_type"": ""mc_definition"", ""correct_answer"": ""A""}"
acknowledge,fill_blank,1,verify,PASS,,"{""word"": ""acknowledge"", ""options"": [{""id"": ""A"", ""text"": ""acknowledge""}, {""id"": ""B"", ""text"": ""dismiss""}, {""id"": ""C"", ""text"": ""accelerate""}, {""id"": ""D"", ""text"": ""suspend""}], ""sentence"": ""The company will ______ the receipt of your application and review it carefully."", ""question_text"": ""Fill in the blank:"", ""question_type"": ""fill_blank"", ""correct_answer"": ""A"", ""sentence_translation"": ""L'entreprise ______ la réception de votre candidature et l'examinera attentivement.""}"
accessible,mc_definition,1,verify,PASS,,"{""word"": ""accessible"", ""options"": [{""id"": ""A"", ""text"": ""Easy to approach, reach, or use; affordable or obtainable""}, {""id"": ""B"", ""text"": ""Difficult to reach or understand""}, {""id"": ""C"", ""text"": ""Expensive or hard to obtain""}, {""id"": ""D"", ""text"": ""Complicated or technical""}], ""question_text"": ""What does 'accessible' mean?"", ""question_type"": ""mc_definition"", ""correct_answer"": ""A""}"
accurate,fill_blank,1,verify,PASS,,"{""word"": ""accurate"", ""options"": [{""id"": ""A"", ""text"": ""accurate""}, {""id"": ""B"", ""text"": ""approximate""}, {""id"": ""C"", ""text"": ""exaggerated""}, {""id"": ""D"", ""text"": ""spontaneous""}], ""sentence"": ""The accountant's calculations were _____ and reliable."", ""question_text"": ""Fill in the blank:"", ""question_type"": ""fill_blank"", ""correct_answer"": ""A"", ""sentence_translation"": ""Les calculs de l'accountant étaient précis et fiables.""}"
accept,mc_word,1,verify,PASS,,"{""word"": ""accept"", ""options"": [{""id"": ""A"", ""text"": ""accept""}, {""id"": ""B"", ""text"": ""refuse""}, {""id"": ""C"", ""text"": ""admit""}, {""id"": ""D"", ""text"": ""reject""}], ""question_text"": ""Which word matches this definition: 'to receive something willingly or to agree with something'?"", ""question_type"": ""mc_word"", ""correct_answer"": ""A""}"
abdicate,mc_word,1,verify,PASS,,"{""word"": ""abdicate"", ""options"": [{""id"": ""A"", ""text"": ""abdicate""}, {""id"": ""B"", ""text"": ""abstain""}, {""id"": ""C"", ""text"": ""resign""}, {""id"": ""D"", ""text"": ""succumb""}], ""question_text"": ""Which word matches this definition: 'to give up or renounce a position, especially a throne, crown, or high office'?"", ""question_type"": ""mc_word"", ""correct_answer"": ""A""}"
abbreviate,mc_definition,1,verify,PASS,,"{""word"": ""abbreviate"", ""options"": [{""id"": ""A"", ""text"": ""to shorten or reduce something, especially a word or phrase, by leaving out some of its letters or syllables""}, {""id"": ""B"", ""text"": ""to expand or lengthen something, especially a word or phrase, by adding more letters or syllables""}, {""id"": ""C"", ""text"": ""to change the meaning of a word or phrase""}, {""id"": ""D"", ""text"": ""to translate a word or phrase into another language""}], ""question_text"": ""What does 'abbreviate' mean?"", ""question_type"": ""mc_definition"", ""correct_answer"": ""A""}"
accelerate,mc_definition,1,verify,PASS,,"{""word"": ""accelerate"", ""options"": [{""id"": ""A"", ""text"": ""to increase the rate or speed of something""}, {""id"": ""B"", ""text"": ""to slow down or reduce the speed of something""}, {""id"": ""C"", ""text"": ""to maintain a steady pace or rhythm""}, {""id"": ""D"", ""text"": ""to change direction or move in a new path""}], ""question_text"": ""What does 'accelerate' mean?"", ""question_type"": ""mc_definition"", ""correct_answer"": ""A""}"
academic,mc_definition,1,verify,PASS,,"{""word"": ""academic"", ""options"": [{""id"": ""A"", ""text"": ""relating to education or research, especially at a university""}, {""id"": ""B"", ""text"": ""practical and focused on real-world applications""}, {""id"": ""C"", ""text"": ""a person who is an expert in a particular field of study""}, {""id"": ""D"", ""text"": ""related to artistic or creative pursuits""}], ""question_text"": ""What does 'academic' mean?"", ""question_type"": ""mc_definition"", ""correct_answer"": ""A""}"
abundant,mc_definition,1,verify,PASS,,"{""word"": ""abundant"", ""options"": [{""id"": ""A"", ""text"": ""existing in large quantities; plentiful""}, {""id"": ""B"", ""text"": ""barely sufficient; minimal""}, {""id"": ""C"", ""text"": ""varied and diverse""}, {""id"": ""D"", ""text"": ""scarce and expensive""}], ""question_text"": ""What does 'abundant' mean?"", ""question_type"": ""mc_definition"", ""correct_answer"": ""A""}"
abstract,mc_definition,1,verify,FAIL,"[major] The marked correct answer is correct, but the definition is overly broad and could lead to confusion.; Option A includes two definitions which may cause ambiguity.; Option B is plausible but not clearly incorrect as it could relate to abstract concepts in some contexts.; The question is somewhat ambiguous due to the dual definition in the correct answer.","{""word"": ""abstract"", ""options"": [{""id"": ""A"", ""text"": ""existing in thought or idea rather than in physical reality, or a brief summary""}, {""id"": ""B"", ""text"": ""clearly detailed and specific, often related to physical evidence""}, {""id"": ""C"", ""text"": ""a highly detailed and lengthy description""}, {""id"": ""D"", ""text"": ""a tangible object or a specific example""}], ""question_text"": ""What does 'abstract' mean?"", ""question_type"": ""mc_definition"", ""correct_answer"": ""A""}"
abstract,mc_definition,1,regenerate,SUCCESS,Question regenerated (issues history: 1),"{""question_text"": ""What does 'abstract' mean?"", ""options"": [{""id"": ""A"", ""text"": ""existing in thought or idea rather than in physical reality""}, {""id"": ""B"", ""text"": ""a detailed and specific description of a tangible object""}, {""id"": ""C"", ""text"": ""a summary that includes all details and examples""}, {""id"": ""D"", ""text"": ""a physical representation of an idea or concept""}], ""correct_answer"": ""A"", ""question_type"": ""mc_definition"", ""word"": ""abstract""}"
abstract,mc_definition,2,verify,FAIL,[major] The marked correct answer is correct for the word 'abstract'.; Option B is not clearly incorrect as it could be interpreted in a different context.; Option C is misleading as it does not accurately describe 'abstract'.; Option D is also misleading as it suggests a physical representation which contradicts the definition.,"{""question_text"": ""What does 'abstract' mean?"", ""options"": [{""id"": ""A"", ""text"": ""existing in thought or idea rather than in physical reality""}, {""id"": ""B"", ""text"": ""a detailed and specific description of a tangible object""}, {""id"": ""C"", ""text"": ""a summary that includes all details and examples""}, {""id"": ""D"", ""text"": ""a physical representation of an idea or concept""}], ""correct_answer"": ""A"", ""question_type"": ""mc_definition"", ""word"": ""abstract""}"
abstract,mc_definition,2,regenerate,SUCCESS,Question regenerated (issues history: 2),"{""question_text"": ""What does 'abstract' mean?"", ""options"": [{""id"": ""A"", ""text"": ""existing in thought or idea rather than in physical reality""}, {""id"": ""B"", ""text"": ""a specific and detailed representation of a physical object""}, {""id"": ""C"", ""text"": ""a comprehensive account that includes all details and examples""}, {""id"": ""D"", ""text"": ""a concrete model that illustrates an idea or concept""}], ""correct_answer"": ""A"", ""question_type"": ""mc_definition"", ""word"": ""abstract""}"
abstract,mc_definition,3,verify,PASS,,"{""question_text"": ""What does 'abstract' mean?"", ""options"": [{""id"": ""A"", ""text"": ""existing in thought or idea rather than in physical reality""}, {""id"": ""B"", ""text"": ""a specific and detailed representation of a physical object""}, {""id"": ""C"", ""text"": ""a comprehensive account that includes all details and examples""}, {""id"": ""D"", ""text"": ""a concrete model that illustrates an idea or concept""}], ""correct_answer"": ""A"", ""question_type"": ""mc_definition"", ""word"": ""abstract""}"
abolish,mc_word,1,verify,PASS,,"{""word"": ""abolish"", ""options"": [{""id"": ""A"", ""text"": ""abolish""}, {""id"": ""B"", ""text"": ""reorganize""}, {""id"": ""C"", ""text"": ""restrict""}, {""id"": ""D"", ""text"": ""amend""}], ""question_text"": ""Which word matches this definition: 'to officially cancel or end something, such as a law, a system, or an institution'?"", ""question_type"": ""mc_word"", ""correct_answer"": ""A""}"
ability,mc_definition,1,verify,PASS,,"{""word"": ""ability"", ""options"": [{""id"": ""A"", ""text"": ""The quality or skill that enables someone to do something well""}, {""id"": ""B"", ""text"": ""A natural talent or instinct""}, {""id"": ""C"", ""text"": ""A learned behavior or habit""}, {""id"": ""D"", ""text"": ""A personal preference or interest""}], ""question_text"": ""What does 'ability' mean?"", ""question_type"": ""mc_definition"", ""correct_answer"": ""A""}"
abhor,mc_word,1,verify,PASS,,"{""word"": ""abhor"", ""options"": [{""id"": ""A"", ""text"": ""abhor""}, {""id"": ""B"", ""text"": ""adoration""}, {""id"": ""C"", ""text"": ""detest""}, {""id"": ""D"", ""text"": ""revere""}], ""question_text"": ""Which word matches this definition: 'to regard with horror or disgust'?"", ""question_type"": ""mc_word"", ""correct_answer"": ""A""}"
aberration,fill_blank,1,verify,PASS,,"{""word"": ""aberration"", ""options"": [{""id"": ""A"", ""text"": ""aberration""}, {""id"": ""B"", ""text"": ""norm""}, {""id"": ""C"", ""text"": ""standard""}, {""id"": ""D"", ""text"": ""expectation""}], ""sentence"": ""The beauty of cherry blossoms is an aberration, lasting only a few weeks."", ""question_text"": ""Fill in the blank:"", ""question_type"": ""fill_blank"", ""correct_answer"": ""A"", ""sentence_translation"": ""La beauté des fleurs de cerisier est une aberration, ne durant que quelques semaines.""}"
abate,fill_blank,1,verify,PASS,,"{""word"": ""abate"", ""options"": [{""id"": ""A"", ""text"": ""abate""}, {""id"": ""B"", ""text"": ""intensify""}, {""id"": ""C"", ""text"": ""accelerate""}, {""id"": ""D"", ""text"": ""expand""}], ""sentence"": ""The storm showed no signs of _____, as the winds continued to howl."", ""question_text"": ""Fill in the blank:"", ""question_type"": ""fill_blank"", ""correct_answer"": ""A"", ""sentence_translation"": ""L'orage ne montrait aucun signe de diminution, alors que les vents continuaient à hurler.""}"
abandon,mc_definition,1,verify,FAIL,"[major] The correct answer is misleading as it includes 'a feeling of freedom from worries', which is not a primary definition of 'abandon'.; The distractors are not clearly incorrect as they could be interpreted in a broader context.","{""word"": ""abandon"", ""options"": [{""id"": ""A"", ""text"": ""to leave or desert someone or something, or a feeling of freedom from worries""}, {""id"": ""B"", ""text"": ""to adopt or take on a new responsibility""}, {""id"": ""C"", ""text"": ""a type of emotional support or comfort""}, {""id"": ""D"", ""text"": ""to carefully maintain or preserve something""}], ""question_text"": ""What does 'abandon' mean?"", ""question_type"": ""mc_definition"", ""correct_answer"": ""A""}"
abandon,mc_definition,1,regenerate,SUCCESS,Question regenerated (issues history: 1),"{""question_text"": ""What does 'abandon' mean?"", ""options"": [{""id"": ""A"", ""text"": ""to leave someone or something behind, often permanently""}, {""id"": ""B"", ""text"": ""to take responsibility for someone or something""}, {""id"": ""C"", ""text"": ""to support or help someone emotionally""}, {""id"": ""D"", ""text"": ""to keep something safe and in good condition""}], ""correct_answer"": ""A"", ""question_type"": ""mc_definition"", ""word"": ""abandon""}"
abandon,mc_definition,2,verify,PASS,,"{""question_text"": ""What does 'abandon' mean?"", ""options"": [{""id"": ""A"", ""text"": ""to leave someone or something behind, often permanently""}, {""id"": ""B"", ""text"": ""to take responsibility for someone or something""}, {""id"": ""C"", ""text"": ""to support or help someone emotionally""}, {""id"": ""D"", ""text"": ""to keep something safe and in good condition""}], ""correct_answer"": ""A"", ""question_type"": ""mc_definition"", ""word"": ""abandon""}"
alter,mc_definition,1,verify,PASS,,"{""word"": ""alter"", ""options"": [{""id"": ""A"", ""text"": ""to change or modify something""}, {""id"": ""B"", ""text"": ""to create or produce something""}, {""id"": ""C"", ""text"": ""to examine or inspect something""}, {""id"": ""D"", ""text"": ""to copy or replicate something""}], ""question_text"": ""What does 'alter' mean?"", ""question_type"": ""mc_definition"", ""correct_answer"": ""A""}"
achieve,mc_word,1,verify,PASS,,"{""word"": ""achieve"", ""options"": [{""id"": ""A"", ""text"": ""achieve""}, {""id"": ""B"", ""text"": ""acquire""}, {""id"": ""C"", ""text"": ""attain""}, {""id"": ""D"", ""text"": ""obtain""}], ""question_text"": ""Which word matches this definition: 'to successfully bring about or reach something'?"", ""question_type"": ""mc_word"", ""correct_answer"": ""A""}"
accomplish,fill_blank,1,verify,PASS,,"{""word"": ""accomplish"", ""options"": [{""id"": ""A"", ""text"": ""accomplish""}, {""id"": ""B"", ""text"": ""avoid""}, {""id"": ""C"", ""text"": ""postpone""}, {""id"": ""D"", ""text"": ""abolish""}], ""sentence"": ""The team hopes to accomplish their goal of winning the championship this season."", ""question_text"": ""Fill in the blank:"", ""question_type"": ""fill_blank"", ""correct_answer"": ""A"", ""sentence_translation"": ""L'équipe espère accomplir son objectif de remporter le championnat cette saison.""}"
ascertain,mc_definition,1,verify,PASS,,"{""word"": ""ascertain"", ""options"": [{""id"": ""A"", ""text"": ""to find out or determine with certainty""}, {""id"": ""B"", ""text"": ""to assume or guess""}, {""id"": ""C"", ""text"": ""to verify or confirm partially""}, {""id"": ""D"", ""text"": ""to investigate or research""}], ""question_text"": ""What does 'ascertain' mean?"", ""question_type"": ""mc_definition"", ""correct_answer"": ""A""}"
arise,mc_word,1,verify,PASS,,"{""word"": ""arise"", ""options"": [{""id"": ""A"", ""text"": ""arise""}, {""id"": ""B"", ""text"": ""descend""}, {""id"": ""C"", ""text"": ""awaken""}, {""id"": ""D"", ""text"": ""sit""}], ""question_text"": ""Which word matches this definition: 'to get up or stand up'?"", ""question_type"": ""mc_word"", ""correct_answer"": ""A""}"
arbitrary,fill_blank,1,verify,PASS,,"{""word"": ""arbitrary"", ""options"": [{""id"": ""A"", ""text"": ""arbitrary""}, {""id"": ""B"", ""text"": ""systematic""}, {""id"": ""C"", ""text"": ""rational""}, {""id"": ""D"", ""text"": ""methodical""}], ""sentence"": ""The judge's decision to deny the permit was criticized as _____ and unfair."", ""question_text"": ""Fill in the blank:"", ""question_type"": ""fill_blank"", ""correct_answer"": ""A"", ""sentence_translation"": ""La décision du juge de refuser le permis a été critiquée comme arbitraire et injuste.""}"
ancient,fill_blank,1,verify,PASS,,"{""word"": ""ancient"", ""options"": [{""id"": ""A"", ""text"": ""ancient""}, {""id"": ""B"", ""text"": ""modern""}, {""id"": ""C"", ""text"": ""contemporary""}, {""id"": ""D"", ""text"": ""new""}], ""sentence"": ""The ______ civilization left behind many ruins."", ""question_text"": ""Fill in the blank:"", ""question_type"": ""fill_blank"", ""correct_answer"": ""A"", ""sentence_translation"": ""La civilisation ______ a laissé derrière elle de nombreuses ruines.""}"
amplify,mc_definition,1,verify,PASS,,"{""word"": ""amplify"", ""options"": [{""id"": ""A"", ""text"": ""to make something louder or more powerful""}, {""id"": ""B"", ""text"": ""to reduce or decrease the effect of something""}, {""id"": ""C"", ""text"": ""to explain or interpret something in detail""}, {""id"": ""D"", ""text"": ""to criticize or condemn something strongly""}], ""question_text"": ""What does 'amplify' mean?"", ""question_type"": ""mc_definition"", ""correct_answer"": ""A""}"
awkward,mc_word,1,verify,PASS,,"{""word"": ""awkward"", ""options"": [{""id"": ""A"", ""text"": ""awkward""}, {""id"": ""B"", ""text"": ""clumsy""}, {""id"": ""C"", ""text"": ""cozy""}, {""id"": ""D"", ""text"": ""unsettling""}], ""question_text"": ""Which word matches this definition: 'Uncomfortable or difficult to deal with; causing feelings of embarrassment or unease.'?"", ""question_type"": ""mc_word"", ""correct_answer"": ""A""}"
award,fill_blank,1,verify,PASS,,"{""word"": ""award"", ""options"": [{""id"": ""A"", ""text"": ""award""}, {""id"": ""B"", ""text"": ""prize""}, {""id"": ""C"", ""text"": ""punish""}, {""id"": ""D"", ""text"": ""delay""}], ""sentence"": ""The committee will _____ the winner of the competition next week."", ""question_text"": ""Fill in the blank:"", ""question_type"": ""fill_blank"", ""correct_answer"": ""A"", ""sentence_translation"": ""Le comité décernera le prix au vainqueur du concours la semaine prochaine.""}"
autonomous,mc_word,1,verify,PASS,,"{""word"": ""autonomous"", ""options"": [{""id"": ""A"", ""text"": ""autonomous""}, {""id"": ""B"", ""text"": ""collaborative""}, {""id"": ""C"", ""text"": ""dependent""}, {""id"": ""D"", ""text"": ""self-sufficient""}], ""question_text"": ""Which word matches this definition: 'existing or acting independently'?"", ""question_type"": ""mc_word"", ""correct_answer"": ""A""}"
ascertain,mc_word,1,verify,PASS,,"{""word"": ""ascertain"", ""options"": [{""id"": ""A"", ""text"": ""ascertain""}, {""id"": ""B"", ""text"": ""speculate""}, {""id"": ""C"", ""text"": ""verify""}, {""id"": ""D"", ""text"": ""assume""}], ""question_text"": ""Which word matches this definition: 'to find out or determine with certainty'?"", ""question_type"": ""mc_word"", ""correct_answer"": ""A""}"
animate,mc_definition,1,verify,FAIL,[major] The marked correct answer is overly broad and could lead to confusion.; Option A includes two definitions which may imply multiple correct answers.,"{""word"": ""animate"", ""options"": [{""id"": ""A"", ""text"": ""to give life or motion to; or having life or motion""}, {""id"": ""B"", ""text"": ""to make something inactive or lifeless""}, {""id"": ""C"", ""text"": ""relating to or characteristic of inanimate objects""}, {""id"": ""D"", ""text"": ""the study of living organisms and their interactions""}], ""question_text"": ""What does 'animate' mean?"", ""question_type"": ""mc_definition"", ""correct_answer"": ""A""}"
animate,mc_definition,1,regenerate,SUCCESS,Question regenerated (issues history: 1),"{""question_text"": ""What does 'animate' mean?"", ""options"": [{""id"": ""A"", ""text"": ""to give life or motion to something""}, {""id"": ""B"", ""text"": ""to make something inactive or lifeless""}, {""id"": ""C"", ""text"": ""to create a static image or object""}, {""id"": ""D"", ""text"": ""to study the behavior of non-living things""}], ""correct_answer"": ""A"", ""question_type"": ""mc_definition"", ""word"": ""animate""}"
animate,mc_definition,2,verify,PASS,,"{""question_text"": ""What does 'animate' mean?"", ""options"": [{""id"": ""A"", ""text"": ""to give life or motion to something""}, {""id"": ""B"", ""text"": ""to make something inactive or lifeless""}, {""id"": ""C"", ""text"": ""to create a static image or object""}, {""id"": ""D"", ""text"": ""to study the behavior of non-living things""}], ""correct_answer"": ""A"", ""question_type"": ""mc_definition"", ""word"": ""animate""}"
ancient,mc_definition,1,verify,PASS,,"{""word"": ""ancient"", ""options"": [{""id"": ""A"", ""text"": ""very old; from a distant past""}, {""id"": ""B"", ""text"": ""recently created or developed""}, {""id"": ""C"", ""text"": ""of great importance or value""}, {""id"": ""D"", ""text"": ""from a specific cultural tradition""}], ""question_text"": ""What does 'ancient' mean?"", ""question_type"": ""mc_definition"", ""correct_answer"": ""A""}"
admire,mc_definition,1,verify,PASS,,"{""word"": ""admire"", ""options"": [{""id"": ""A"", ""text"": ""to feel great respect and admiration for something or someone""}, {""id"": ""B"", ""text"": ""to criticize or disapprove of something or someone strongly""}, {""id"": ""C"", ""text"": ""to feel a strong dislike or indifference towards something or someone""}, {""id"": ""D"", ""text"": ""to imitate or copy the actions of someone or something""}], ""question_text"": ""What does 'admire' mean?"", ""question_type"": ""mc_definition"", ""correct_answer"": ""A""}"
articulate,mc_word,1,verify,PASS,,"{""word"": ""articulate"", ""options"": [{""id"": ""A"", ""text"": ""articulate""}, {""id"": ""B"", ""text"": ""enumerate""}, {""id"": ""C"", ""text"": ""eloquent""}, {""id"": ""D"", ""text"": ""murmur""}], ""question_text"": ""Which word matches this definition: 'To speak or express words clearly and effectively'?"", ""question_type"": ""mc_word"", ""correct_answer"": ""A""}"
architecture,fill_blank,1,verify,PASS,,"{""word"": ""architecture"", ""options"": [{""id"": ""A"", ""text"": ""architecture""}, {""id"": ""B"", ""text"": ""landscape""}, {""id"": ""C"", ""text"": ""interior design""}, {""id"": ""D"", ""text"": ""urban planning""}], ""sentence"": ""The university's new campus was renowned for its innovative _____, which included sustainable buildings and green spaces."", ""question_text"": ""Fill in the blank:"", ""question_type"": ""fill_blank"", ""correct_answer"": ""A"", ""sentence_translation"": ""Le nouveau campus de l'université était réputé pour son ____ innovant, qui comprenait des bâtiments durables et des espaces verts.""}"
analyze,mc_definition,1,verify,PASS,,"{""word"": ""analyze"", ""options"": [{""id"": ""A"", ""text"": ""to examine and interpret the meaning or nature of something""}, {""id"": ""B"", ""text"": ""to create a plan or proposal for something""}, {""id"": ""C"", ""text"": ""to compare and contrast different things""}, {""id"": ""D"", ""text"": ""to summarize or describe something briefly""}], ""question_text"": ""What does 'analyze' mean?"", ""question_type"": ""mc_definition"", ""correct_answer"": ""A""}"
unforgettable,mc_word,1,verify,PASS,,"{""word"": ""unforgettable"", ""options"": [{""id"": ""A"", ""text"": ""unforgettable""}, {""id"": ""B"", ""text"": ""unremarkable""}, {""id"": ""C"", ""text"": ""memorable""}, {""id"": ""D"", ""text"": ""forgettable""}], ""question_text"": ""Which word matches this definition: 'Impossible to forget; leaving a lasting memory'?"", ""question_type"": ""mc_word"", ""correct_answer"": ""A""}"
author,mc_definition,1,verify,PASS,,"{""word"": ""author"", ""options"": [{""id"": ""A"", ""text"": ""a person who writes a book, article, or other written content""}, {""id"": ""B"", ""text"": ""a person who publishes a book, article, or other written content""}, {""id"": ""C"", ""text"": ""a person who reads a book, article, or other written content""}, {""id"": ""D"", ""text"": ""a person who edits a book, article, or other written content""}], ""question_text"": ""What does 'author' mean?"", ""question_type"": ""mc_definition"", ""correct_answer"": ""A""}"
augment,fill_blank,1,verify,PASS,,"{""word"": ""augment"", ""options"": [{""id"": ""A"", ""text"": ""augment""}, {""id"": ""B"", ""text"": ""diminish""}, {""id"": ""C"", ""text"": ""stabilize""}, {""id"": ""D"", ""text"": ""terminate""}], ""sentence"": ""The company plans to ____ its product line with new features."", ""question_text"": ""Fill in the blank:"", ""question_type"": ""fill_blank"", ""correct_answer"": ""A"", ""sentence_translation"": ""L'entreprise prévoit d'augmenter sa gamme de produits avec de nouvelles fonctionnalités.""}"
audible,mc_word,1,verify,PASS,,"{""word"": ""audible"", ""options"": [{""id"": ""A"", ""text"": ""audible""}, {""id"": ""B"", ""text"": ""inaudible""}, {""id"": ""C"", ""text"": ""visible""}, {""id"": ""D"", ""text"": ""vociferous""}], ""question_text"": ""Which word matches this definition: 'Able to be heard; loud enough to be heard'?"", ""question_type"": ""mc_word"", ""correct_answer"": ""A""}"
audible,fill_blank,1,verify,PASS,,"{""word"": ""audible"", ""options"": [{""id"": ""A"", ""text"": ""audible""}, {""id"": ""B"", ""text"": ""visible""}, {""id"": ""C"", ""text"": ""tangible""}, {""id"": ""D"", ""text"": ""olfactory""}], ""sentence"": ""The sound of the piano was _____ from the next room."", ""question_text"": ""Fill in the blank:"", ""question_type"": ""fill_blank"", ""correct_answer"": ""A"", ""sentence_translation"": ""Le son du piano était audible depuis la pièce suivante.""}"
assume,mc_word,1,verify,PASS,,"{""word"": ""assume"", ""options"": [{""id"": ""A"", ""text"": ""assume""}, {""id"": ""B"", ""text"": ""conclude""}, {""id"": ""C"", ""text"": ""investigate""}, {""id"": ""D"", ""text"": ""presume""}], ""question_text"": ""Which word matches this definition: 'to take something for granted or believe something to be true without proof'?"", ""question_type"": ""mc_word"", ""correct_answer"": ""A""}"
assume,mc_definition,1,verify,PASS,,"{""word"": ""assume"", ""options"": [{""id"": ""A"", ""text"": ""to take something for granted without proof or to take on a role or responsibility""}, {""id"": ""B"", ""text"": ""to prove or demonstrate something""}, {""id"": ""C"", ""text"": ""to consider or regard something as unimportant""}, {""id"": ""D"", ""text"": ""to investigate or research something thoroughly""}], ""question_text"": ""What does 'assume' mean?"", ""question_type"": ""mc_definition"", ""correct_answer"": ""A""}"
arbitrary,mc_word,1,verify,PASS,,"{""word"": ""arbitrary"", ""options"": [{""id"": ""A"", ""text"": ""arbitrary""}, {""id"": ""B"", ""text"": ""systematic""}, {""id"": ""C"", ""text"": ""capricious""}, {""id"": ""D"", ""text"": ""methodical""}], ""question_text"": ""Which word matches this definition: 'Based on chance or whim, rather than reason or system'?"", ""question_type"": ""mc_word"", ""correct_answer"": ""A""}"
arbitrary,mc_definition,1,verify,PASS,,"{""word"": ""arbitrary"", ""options"": [{""id"": ""A"", ""text"": ""Based on chance, whim, or personal preference rather than reason or system""}, {""id"": ""B"", ""text"": ""Following a strict set of rules or guidelines""}, {""id"": ""C"", ""text"": ""Completely random and unpredictable""}, {""id"": ""D"", ""text"": ""Fair and unbiased""}], ""question_text"": ""What does 'arbitrary' mean?"", ""question_type"": ""mc_definition"", ""correct_answer"": ""A""}"
anticipate,fill_blank,1,verify,FAIL,"[major] The correct answer 'anticipate' does not fit the context of the sentence.; The sentence implies a sense of loss or fleeting beauty, which 'anticipate' does not convey.","{""word"": ""anticipate"", ""options"": [{""id"": ""A"", ""text"": ""anticipate""}, {""id"": ""B"", ""text"": ""avoid""}, {""id"": ""C"", ""text"": ""delay""}, {""id"": ""D"", ""text"": ""ignore""}], ""sentence"": ""The beauty of cherry blossoms is something we __________, lasting only a few weeks."", ""question_text"": ""Fill in the blank:"", ""question_type"": ""fill_blank"", ""correct_answer"": ""A"", ""sentence_translation"": ""La beauté des fleurs de cerisier est quelque chose que nous anticipons, durant seulement quelques semaines.""}"
anticipate,fill_blank,1,regenerate,SUCCESS,Question regenerated (issues history: 1),"{""sentence"": ""The beauty of cherry blossoms is something we __________, knowing it will be gone soon."", ""question_text"": ""Fill in the blank:"", ""options"": [{""id"": ""A"", ""text"": ""anticipate""}, {""id"": ""B"", ""text"": ""celebrate""}, {""id"": ""C"", ""text"": ""prolong""}, {""id"": ""D"", ""text"": ""overlook""}], ""correct_answer"": ""A"", ""question_type"": ""fill_blank"", ""word"": ""anticipate""}"
anticipate,fill_blank,2,verify,PASS,,"{""sentence"": ""The beauty of cherry blossoms is something we __________, knowing it will be gone soon."", ""question_text"": ""Fill in the blank:"", ""options"": [{""id"": ""A"", ""text"": ""anticipate""}, {""id"": ""B"", ""text"": ""celebrate""}, {""id"": ""C"", ""text"": ""prolong""}, {""id"": ""D"", ""text"": ""overlook""}], ""correct_answer"": ""A"", ""question_type"": ""fill_blank"", ""word"": ""anticipate""}"
amplify,fill_blank,1,verify,PASS,,"{""word"": ""amplify"", ""options"": [{""id"": ""A"", ""text"": ""amplify""}, {""id"": ""B"", ""text"": ""reduce""}, {""id"": ""C"", ""text"": ""diminish""}, {""id"": ""D"", ""text"": ""suppress""}], ""sentence"": ""The new speaker system will ________ the sound of the music at the festival."", ""question_text"": ""Fill in the blank:"", ""question_type"": ""fill_blank"", ""correct_answer"": ""A"", ""sentence_translation"": ""Le nouveau système de haut-parleurs va amplifier le son de la musique au festival.""}"
admire,fill_blank,1,verify,PASS,,"{""word"": ""admire"", ""options"": [{""id"": ""A"", ""text"": ""admire""}, {""id"": ""B"", ""text"": ""imitate""}, {""id"": ""C"", ""text"": ""criticize""}, {""id"": ""D"", ""text"": ""ignore""}], ""sentence"": ""The tourists can't help but _____ the ancient architecture of the city."", ""question_text"": ""Fill in the blank:"", ""question_type"": ""fill_blank"", ""correct_answer"": ""A"", ""sentence_translation"": ""Les touristes ne peuvent pas s'empêcher d'admirer l'architecture ancienne de la ville.""}"
attend,mc_definition,1,verify,PASS,,"{""word"": ""attend"", ""options"": [{""id"": ""A"", ""text"": ""To be present at an event or meeting.""}, {""id"": ""B"", ""text"": ""To participate actively in an event or discussion.""}, {""id"": ""C"", ""text"": ""To send someone or something in one's place.""}, {""id"": ""D"", ""text"": ""To avoid or skip an event or meeting.""}], ""question_text"": ""What does 'attend' mean?"", ""question_type"": ""mc_definition"", ""correct_answer"": ""A""}"
associate,fill_blank,1,verify,FAIL,[major] The marked correct answer is not correct for this word.; There are multiple correct answers among the options.,"{""word"": ""associate"", ""options"": [{""id"": ""A"", ""text"": ""associate""}, {""id"": ""B"", ""text"": ""coordinate""}, {""id"": ""C"", ""text"": ""duplicate""}, {""id"": ""D"", ""text"": ""terminate""}], ""sentence"": ""The professor is a senior lecturer and ______ at the university."", ""question_text"": ""Fill in the blank:"", ""question_type"": ""fill_blank"", ""correct_answer"": ""A"", ""sentence_translation"": ""Le professeur est un conférencier principal et associé à l'université.""}"
associate,fill_blank,1,regenerate,SUCCESS,Question regenerated (issues history: 1),"{""sentence"": ""The professor will ______ with other researchers on the project."", ""question_text"": ""Fill in the blank:"", ""options"": [{""id"": ""A"", ""text"": ""associate""}, {""id"": ""B"", ""text"": ""isolate""}, {""id"": ""C"", ""text"": ""disband""}, {""id"": ""D"", ""text"": ""ignore""}], ""correct_answer"": ""A"", ""question_type"": ""fill_blank"", ""word"": ""associate""}"
associate,fill_blank,2,verify,PASS,,"{""sentence"": ""The professor will ______ with other researchers on the project."", ""question_text"": ""Fill in the blank:"", ""options"": [{""id"": ""A"", ""text"": ""associate""}, {""id"": ""B"", ""text"": ""isolate""}, {""id"": ""C"", ""text"": ""disband""}, {""id"": ""D"", ""text"": ""ignore""}], ""correct_answer"": ""A"", ""question_type"": ""fill_blank"", ""word"": ""associate""}"
adolescent,fill_blank,1,verify,PASS,,"{""word"": ""adolescent"", ""options"": [{""id"": ""A"", ""text"": ""adolescent""}, {""id"": ""B"", ""text"": ""infantile""}, {""id"": ""C"", ""text"": ""geriatric""}, {""id"": ""D"", ""text"": ""prenatal""}], ""sentence"": ""The ______ years are a time of significant physical and emotional change."", ""question_text"": ""Fill in the blank:"", ""question_type"": ""fill_blank"", ""correct_answer"": ""A"", ""sentence_translation"": ""Les années ______ sont une période de changements physiques et émotionnels importants.""}"
author,fill_blank,1,verify,PASS,,"{""word"": ""author"", ""options"": [{""id"": ""A"", ""text"": ""author""}, {""id"": ""B"", ""text"": ""publisher""}, {""id"": ""C"", ""text"": ""reader""}, {""id"": ""D"", ""text"": ""illustrator""}], ""sentence"": ""The ____ of the novel won a prestigious award for her work."", ""question_text"": ""Fill in the blank:"", ""question_type"": ""fill_blank"", ""correct_answer"": ""A"", ""sentence_translation"": ""L'auteure du roman a remporté un prix prestigieux pour son travail.""}"
audible,mc_definition,1,verify,PASS,,"{""word"": ""audible"", ""options"": [{""id"": ""A"", ""text"": ""Able to be heard; loud enough to be heard""}, {""id"": ""B"", ""text"": ""Visible or able to be seen""}, {""id"": ""C"", ""text"": ""Difficult to understand; hard to interpret""}, {""id"": ""D"", ""text"": ""Related to the sense of smell; fragrant""}], ""question_text"": ""What does 'audible' mean?"", ""question_type"": ""mc_definition"", ""correct_answer"": ""A""}"
arise,mc_definition,1,verify,PASS,,"{""word"": ""arise"", ""options"": [{""id"": ""A"", ""text"": ""to get up or become apparent""}, {""id"": ""B"", ""text"": ""to sit down or become clear""}, {""id"": ""C"", ""text"": ""to lie down or disappear""}, {""id"": ""D"", ""text"": ""to remain still or stay hidden""}], ""question_text"": ""What does 'arise' mean?"", ""question_type"": ""mc_definition"", ""correct_answer"": ""A""}"
unforgettable,fill_blank,1,verify,FAIL,[major] The marked correct answer is not correct for the context of the sentence.; The word 'unforgettable' does not fit naturally in the sentence.,"{""word"": ""unforgettable"", ""options"": [{""id"": ""A"", ""text"": ""unforgettable""}, {""id"": ""B"", ""text"": ""forgettable""}, {""id"": ""C"", ""text"": ""unusual""}, {""id"": ""D"", ""text"": ""temporary""}], ""sentence"": ""The beauty of cherry blossoms is _____, lasting only a few weeks."", ""question_text"": ""Fill in the blank:"", ""question_type"": ""fill_blank"", ""correct_answer"": ""A"", ""sentence_translation"": ""La beauté des fleurs de cerisier est inoubliable, ne durant que quelques semaines.""}"
unforgettable,fill_blank,1,regenerate,SUCCESS,Question regenerated (issues history: 1),"{""sentence"": ""The experience was so _____ that I will remember it for the rest of my life."", ""question_text"": ""Fill in the blank:"", ""options"": [{""id"": ""A"", ""text"": ""unforgettable""}, {""id"": ""B"", ""text"": ""forgettable""}, {""id"": ""C"", ""text"": ""ordinary""}, {""id"": ""D"", ""text"": ""temporary""}], ""correct_answer"": ""A"", ""question_type"": ""fill_blank"", ""word"": ""unforgettable""}"
unforgettable,fill_blank,2,verify,PASS,,"{""sentence"": ""The experience was so _____ that I will remember it for the rest of my life."", ""question_text"": ""Fill in the blank:"", ""options"": [{""id"": ""A"", ""text"": ""unforgettable""}, {""id"": ""B"", ""text"": ""forgettable""}, {""id"": ""C"", ""text"": ""ordinary""}, {""id"": ""D"", ""text"": ""temporary""}], ""correct_answer"": ""A"", ""question_type"": ""fill_blank"", ""word"": ""unforgettable""}"
anticipate,mc_definition,1,verify,PASS,,"{""word"": ""anticipate"", ""options"": [{""id"": ""A"", ""text"": ""to look forward to or expect something""}, {""id"": ""B"", ""text"": ""to look back on or recall something""}, {""id"": ""C"", ""text"": ""to take action without thinking""}, {""id"": ""D"", ""text"": ""to ignore or overlook something""}], ""question_text"": ""What does 'anticipate' mean?"", ""question_type"": ""mc_definition"", ""correct_answer"": ""A""}"
augment,mc_definition,1,verify,PASS,,"{""word"": ""augment"", ""options"": [{""id"": ""A"", ""text"": ""to increase or enlarge something""}, {""id"": ""B"", ""text"": ""to reduce or decrease something""}, {""id"": ""C"", ""text"": ""to change or modify something""}, {""id"": ""D"", ""text"": ""to maintain or preserve something""}], ""question_text"": ""What does 'augment' mean?"", ""question_type"": ""mc_definition"", ""correct_answer"": ""A""}"
anticipate,mc_word,1,verify,PASS,,"{""word"": ""anticipate"", ""options"": [{""id"": ""A"", ""text"": ""anticipate""}, {""id"": ""B"", ""text"": ""apprehend""}, {""id"": ""C"", ""text"": ""speculate""}, {""id"": ""D"", ""text"": ""reflect""}], ""question_text"": ""Which word matches this definition: 'to look forward to or expect something'?"", ""question_type"": ""mc_word"", ""correct_answer"": ""A""}"
admire,mc_word,1,verify,PASS,,"{""word"": ""admire"", ""options"": [{""id"": ""A"", ""text"": ""admire""}, {""id"": ""B"", ""text"": ""criticize""}, {""id"": ""C"", ""text"": ""envy""}, {""id"": ""D"", ""text"": ""appreciate""}], ""question_text"": ""Which word matches this definition: 'to feel great respect and admiration for something or someone'?"", ""question_type"": ""mc_word"", ""correct_answer"": ""A""}"
