word,learning_language,native_language,attempt,event_type,result,comment,definition_data
arrange,en,fr,1,verify,FAIL,[major] The translations provided are not accurate; 'organiser' and 'préparer' are not direct translations of 'arrange' in the context of the definitions given.; The native translations are not accurate; they do not fully capture the meanings of the definitions.,"{""word"": ""arrange"", ""phonetic"": ""/əˈreɪndʒ/"", ""suggestion"": null, ""definitions"": [{""examples"": [""She arranged the flowers in a beautiful vase."", ""He arranged to meet his friends at the park."", ""The conference was arranged by the event planners."", ""Can you arrange the schedule for the team?"", ""The travel agent arranged the flights and hotel.""], ""definition"": ""to organize or make plans for something in advance"", ""cultural_notes"": null, ""part_of_speech"": ""verb"", ""definition_native"": ""organiser ou planifier quelque chose à l'avance""}, {""examples"": [""The furniture was arranged to create a cozy atmosphere."", ""The books on the shelf were arranged alphabetically."", ""The flowers were arranged in a decorative pattern."", ""The kids arranged the blocks in a tower."", ""The city streets were arranged in a grid pattern.""], ""definition"": ""to change the order or position of things"", ""cultural_notes"": null, ""part_of_speech"": ""verb"", ""definition_native"": ""modifier l'ordre ou la position des choses""}], ""translations"": [""organiser"", ""disposer"", ""préparer""], ""valid_word_score"": 1.0}"
arrange,en,fr,1,regenerate,SUCCESS,Definition regenerated (issues history: 1),"{""valid_word_score"": 1.0, ""suggestion"": null, ""word"": ""arrange"", ""phonetic"": ""/əˈreɪndʒ/"", ""translations"": [""organiser"", ""disposer"", ""mettre en ordre""], ""definitions"": [{""part_of_speech"": ""verb"", ""definition"": ""to organize or make plans for something in advance"", ""definition_native"": ""organiser ou planifier quelque chose à l'avance"", ""examples"": [""She arranged the flowers in a beautiful vase."", ""He arranged to meet his friends at the park."", ""The conference was arranged by the event planners."", ""Can you arrange the schedule for the team?"", ""The travel agent arranged the flights and hotel.""], ""cultural_notes"": null}, {""part_of_speech"": ""verb"", ""definition"": ""to change the order or position of things"", ""definition_native"": ""modifier l'ordre ou la position des choses"", ""examples"": [""The furniture was arranged to create a cozy atmosphere."", ""The books on the shelf were arranged alphabetically."", ""The flowers were arranged in a decorative pattern."", ""The kids arranged the blocks in a tower."", ""The city streets were arranged in a grid pattern.""], ""cultural_notes"": null}]}"
arrange,en,fr,2,verify,FAIL,"[minor] The phonetic transcription should be /əˈreɪndʒ/ but is presented correctly.; The translations provided are not entirely accurate; 'organiser' is more commonly used in British English, while 'disposer' is not a standard translation for 'arrange'.; The native translation for Definition 1 is somewhat awkward; a more natural phrasing would be 'organiser ou planifier quelque chose à l'avance'.; The native translation for Definition 2 is also somewhat awkward; a more natural phrasing would be 'modifier l'ordre ou la position des objets'.","{""valid_word_score"": 1.0, ""suggestion"": null, ""word"": ""arrange"", ""phonetic"": ""/əˈreɪndʒ/"", ""translations"": [""organiser"", ""disposer"", ""mettre en ordre""], ""definitions"": [{""part_of_speech"": ""verb"", ""definition"": ""to organize or make plans for something in advance"", ""definition_native"": ""organiser ou planifier quelque chose à l'avance"", ""examples"": [""She arranged the flowers in a beautiful vase."", ""He arranged to meet his friends at the park."", ""The conference was arranged by the event planners."", ""Can you arrange the schedule for the team?"", ""The travel agent arranged the flights and hotel.""], ""cultural_notes"": null}, {""part_of_speech"": ""verb"", ""definition"": ""to change the order or position of things"", ""definition_native"": ""modifier l'ordre ou la position des choses"", ""examples"": [""The furniture was arranged to create a cozy atmosphere."", ""The books on the shelf were arranged alphabetically."", ""The flowers were arranged in a decorative pattern."", ""The kids arranged the blocks in a tower."", ""The city streets were arranged in a grid pattern.""], ""cultural_notes"": null}]}"
arrange,en,fr,2,regenerate,SUCCESS,Definition regenerated (issues history: 2),"{""valid_word_score"": 1.0, ""suggestion"": null, ""word"": ""arrange"", ""phonetic"": ""/əˈreɪndʒ/"", ""translations"": [""organiser"", ""préparer"", ""mettre en ordre""], ""definitions"": [{""part_of_speech"": ""verb"", ""definition"": ""to organize or make plans for something in advance"", ""definition_native"": ""organiser ou planifier quelque chose à l'avance"", ""examples"": [""She arranged the flowers in a beautiful vase."", ""He arranged to meet his friends at the park."", ""The conference was arranged by the event planners."", ""Can you arrange the schedule for the team?"", ""The travel agent arranged the flights and hotel.""], ""cultural_notes"": null}, {""part_of_speech"": ""verb"", ""definition"": ""to change the order or position of things"", ""definition_native"": ""modifier l'ordre ou la position des objets"", ""examples"": [""The furniture was arranged to create a cozy atmosphere."", ""The books on the shelf were arranged alphabetically."", ""The flowers were arranged in a decorative pattern."", ""The kids arranged the blocks in a tower."", ""The city streets were arranged in a grid pattern.""], ""cultural_notes"": null}]}"
arrange,en,fr,3,verify,FAIL,[major] The phonetic transcription should be /əˈreɪndʒ/ but is correct.; The translations provided do not accurately reflect the meanings of 'arrange' in English.; The native translations are not consistent with the definitions provided.,"{""valid_word_score"": 1.0, ""suggestion"": null, ""word"": ""arrange"", ""phonetic"": ""/əˈreɪndʒ/"", ""translations"": [""organiser"", ""préparer"", ""mettre en ordre""], ""definitions"": [{""part_of_speech"": ""verb"", ""definition"": ""to organize or make plans for something in advance"", ""definition_native"": ""organiser ou planifier quelque chose à l'avance"", ""examples"": [""She arranged the flowers in a beautiful vase."", ""He arranged to meet his friends at the park."", ""The conference was arranged by the event planners."", ""Can you arrange the schedule for the team?"", ""The travel agent arranged the flights and hotel.""], ""cultural_notes"": null}, {""part_of_speech"": ""verb"", ""definition"": ""to change the order or position of things"", ""definition_native"": ""modifier l'ordre ou la position des objets"", ""examples"": [""The furniture was arranged to create a cozy atmosphere."", ""The books on the shelf were arranged alphabetically."", ""The flowers were arranged in a decorative pattern."", ""The kids arranged the blocks in a tower."", ""The city streets were arranged in a grid pattern.""], ""cultural_notes"": null}]}"
arrange,en,fr,3,regenerate,SUCCESS,Definition regenerated (issues history: 3),"{""valid_word_score"": 1.0, ""suggestion"": null, ""word"": ""arrange"", ""phonetic"": ""/əˈreɪndʒ/"", ""translations"": [""organiser"", ""disposer"", ""préparer""], ""definitions"": [{""part_of_speech"": ""verb"", ""definition"": ""to organize or make plans for something in advance"", ""definition_native"": ""organiser ou planifier quelque chose à l'avance"", ""examples"": [""She arranged the flowers in a beautiful vase."", ""He arranged to meet his friends at the park."", ""The conference was arranged by the event planners."", ""Can you arrange the schedule for the team?"", ""The travel agent arranged the flights and hotel.""], ""cultural_notes"": null}, {""part_of_speech"": ""verb"", ""definition"": ""to change the order or position of things"", ""definition_native"": ""modifier l'ordre ou la position des objets"", ""examples"": [""The furniture was arranged to create a cozy atmosphere."", ""The books on the shelf were arranged alphabetically."", ""The flowers were arranged in a decorative pattern."", ""The kids arranged the blocks in a tower."", ""The city streets were arranged in a grid pattern.""], ""cultural_notes"": null}]}"
arrange,en,fr,4,verify,FAIL,[major] The phonetic transcription should be /əˈreɪndʒ/ but is presented correctly.; The translations provided are not accurate; 'organiser' and 'préparer' are not direct translations of 'arrange' in the context given.; The native translations are not entirely accurate; they should reflect the nuances of 'arrange' more clearly.,"{""valid_word_score"": 1.0, ""suggestion"": null, ""word"": ""arrange"", ""phonetic"": ""/əˈreɪndʒ/"", ""translations"": [""organiser"", ""disposer"", ""préparer""], ""definitions"": [{""part_of_speech"": ""verb"", ""definition"": ""to organize or make plans for something in advance"", ""definition_native"": ""organiser ou planifier quelque chose à l'avance"", ""examples"": [""She arranged the flowers in a beautiful vase."", ""He arranged to meet his friends at the park."", ""The conference was arranged by the event planners."", ""Can you arrange the schedule for the team?"", ""The travel agent arranged the flights and hotel.""], ""cultural_notes"": null}, {""part_of_speech"": ""verb"", ""definition"": ""to change the order or position of things"", ""definition_native"": ""modifier l'ordre ou la position des objets"", ""examples"": [""The furniture was arranged to create a cozy atmosphere."", ""The books on the shelf were arranged alphabetically."", ""The flowers were arranged in a decorative pattern."", ""The kids arranged the blocks in a tower."", ""The city streets were arranged in a grid pattern.""], ""cultural_notes"": null}]}"
arrange,en,fr,4,regenerate,SUCCESS,Definition regenerated (issues history: 4),"{""valid_word_score"": 1.0, ""suggestion"": null, ""word"": ""arrange"", ""phonetic"": ""/əˈreɪndʒ/"", ""translations"": [""organiser"", ""préparer"", ""disposer""], ""definitions"": [{""part_of_speech"": ""verb"", ""definition"": ""to organize or make plans for something in advance"", ""definition_native"": ""organiser ou planifier quelque chose à l'avance"", ""examples"": [""She arranged the flowers in a beautiful vase."", ""He arranged to meet his friends at the park."", ""The conference was arranged by the event planners."", ""Can you arrange the schedule for the team?"", ""The travel agent arranged the flights and hotel.""], ""cultural_notes"": null}, {""part_of_speech"": ""verb"", ""definition"": ""to change the order or position of things"", ""definition_native"": ""modifier l'ordre ou la position des choses"", ""examples"": [""The furniture was arranged to create a cozy atmosphere."", ""The books on the shelf were arranged alphabetically."", ""The flowers were arranged in a decorative pattern."", ""The kids arranged the blocks in a tower."", ""The city streets were arranged in a grid pattern.""], ""cultural_notes"": null}]}"
arrange,en,fr,5,verify,FAIL,"[minor] The phonetic transcription should be /əˈreɪndʒ/ but is correct.; The translations provided do not accurately reflect the verb form of 'arrange' in French. 'Organiser' is correct, but 'préparer' and 'disposer' may not fully capture the meaning in all contexts.; The native translations are not consistent with the definitions provided.","{""valid_word_score"": 1.0, ""suggestion"": null, ""word"": ""arrange"", ""phonetic"": ""/əˈreɪndʒ/"", ""translations"": [""organiser"", ""préparer"", ""disposer""], ""definitions"": [{""part_of_speech"": ""verb"", ""definition"": ""to organize or make plans for something in advance"", ""definition_native"": ""organiser ou planifier quelque chose à l'avance"", ""examples"": [""She arranged the flowers in a beautiful vase."", ""He arranged to meet his friends at the park."", ""The conference was arranged by the event planners."", ""Can you arrange the schedule for the team?"", ""The travel agent arranged the flights and hotel.""], ""cultural_notes"": null}, {""part_of_speech"": ""verb"", ""definition"": ""to change the order or position of things"", ""definition_native"": ""modifier l'ordre ou la position des choses"", ""examples"": [""The furniture was arranged to create a cozy atmosphere."", ""The books on the shelf were arranged alphabetically."", ""The flowers were arranged in a decorative pattern."", ""The kids arranged the blocks in a tower."", ""The city streets were arranged in a grid pattern.""], ""cultural_notes"": null}]}"
approach,en,fr,1,verify,FAIL,"[major] Phonetic transcription is incorrect; it should be /əˈproʊtʃ/ for the verb form, but the noun form is not specified.; The native translation for the noun definition is not fully accurate; it should reflect the noun form more clearly.; The translations provided do not accurately reflect the verb form of 'approach'.","{""word"": ""approach"", ""phonetic"": ""/əˈproʊtʃ/"", ""suggestion"": null, ""definitions"": [{""examples"": [""The company is taking a new approach to marketing."", ""Her approach to problem-solving is very methodical."", ""The scientist's approach to the experiment was innovative."", ""The approach to the holiday was relaxed and casual."", ""The approach to the topic was from a historical perspective.""], ""definition"": ""A way of dealing with something; a method or technique."", ""cultural_notes"": null, ""part_of_speech"": ""noun"", ""definition_native"": ""Une manière de traiter quelque chose ; une méthode ou une technique.""}, {""examples"": [""The car approached the intersection slowly."", ""As the deadline approaches, the team is working overtime."", ""The storm is approaching the coast."", ""She approached the topic with caution."", ""The company is approaching its 10-year anniversary.""], ""definition"": ""To come near or closer to something or someone, either physically or metaphorically."", ""cultural_notes"": null, ""part_of_speech"": ""verb"", ""definition_native"": ""Approcher.""}], ""translations"": [""approche"", ""approcher""], ""valid_word_score"": 1.0}"
approach,en,fr,1,regenerate,SUCCESS,Definition regenerated (issues history: 1),"{""valid_word_score"": 1.0, ""suggestion"": null, ""word"": ""approach"", ""phonetic"": ""/əˈproʊtʃ/"", ""translations"": [""approche"", ""approcher""], ""definitions"": [{""part_of_speech"": ""noun"", ""definition"": ""A way of dealing with something; a method or technique."", ""definition_native"": ""Une manière de traiter quelque chose ; une méthode ou une technique."", ""examples"": [""The company is taking a new approach to marketing."", ""Her approach to problem-solving is very methodical."", ""The scientist's approach to the experiment was innovative."", ""The approach to the holiday was relaxed and casual."", ""The approach to the topic was from a historical perspective.""], ""cultural_notes"": null}, {""part_of_speech"": ""verb"", ""definition"": ""To come near or closer to something or someone, either physically or metaphorically."", ""definition_native"": ""Approcher quelque chose ou quelqu'un, soit physiquement, soit métaphoriquement."", ""examples"": [""The car approached the intersection slowly."", ""As the deadline approaches, the team is working overtime."", ""The storm is approaching the coast."", ""She approached the topic with caution."", ""The company is approaching its 10-year anniversary.""], ""cultural_notes"": null}]}"
approach,en,fr,2,verify,FAIL,"[major] Phonetic transcription should be /əˈproʊtʃ/ for the verb form, but the noun form is typically pronounced /əˈproʊtʃ/ as well.; Translations provided are not complete; 'approche' is a noun and 'approcher' is a verb, which may confuse users.; The native translation for the noun definition is not entirely accurate; it should specify that it refers to a method or technique in a broader context.","{""valid_word_score"": 1.0, ""suggestion"": null, ""word"": ""approach"", ""phonetic"": ""/əˈproʊtʃ/"", ""translations"": [""approche"", ""approcher""], ""definitions"": [{""part_of_speech"": ""noun"", ""definition"": ""A way of dealing with something; a method or technique."", ""definition_native"": ""Une manière de traiter quelque chose ; une méthode ou une technique."", ""examples"": [""The company is taking a new approach to marketing."", ""Her approach to problem-solving is very methodical."", ""The scientist's approach to the experiment was innovative."", ""The approach to the holiday was relaxed and casual."", ""The approach to the topic was from a historical perspective.""], ""cultural_notes"": null}, {""part_of_speech"": ""verb"", ""definition"": ""To come near or closer to something or someone, either physically or metaphorically."", ""definition_native"": ""Approcher quelque chose ou quelqu'un, soit physiquement, soit métaphoriquement."", ""examples"": [""The car approached the intersection slowly."", ""As the deadline approaches, the team is working overtime."", ""The storm is approaching the coast."", ""She approached the topic with caution."", ""The company is approaching its 10-year anniversary.""], ""cultural_notes"": null}]}"
approach,en,fr,2,regenerate,SUCCESS,Definition regenerated (issues history: 2),"{""valid_word_score"": 1.0, ""suggestion"": null, ""word"": ""approach"", ""phonetic"": ""/əˈproʊtʃ/"", ""translations"": [""approche (noun)"", ""approcher (verb)"", ""approche (method)""], ""definitions"": [{""part_of_speech"": ""noun"", ""definition"": ""A way of dealing with something; a method or technique, often used in a broader context."", ""definition_native"": ""Une manière de traiter quelque chose ; une méthode ou une technique, souvent utilisée dans un contexte plus large."", ""examples"": [""The company is taking a new approach to marketing."", ""Her approach to problem-solving is very methodical."", ""The scientist's approach to the experiment was innovative."", ""The approach to the holiday was relaxed and casual."", ""The approach to the topic was from a historical perspective.""], ""cultural_notes"": null}, {""part_of_speech"": ""verb"", ""definition"": ""To come near or closer to something or someone, either physically or metaphorically."", ""definition_native"": ""Approcher quelque chose ou quelqu'un, soit physiquement, soit métaphoriquement."", ""examples"": [""The car approached the intersection slowly."", ""As the deadline approaches, the team is working overtime."", ""The storm is approaching the coast."", ""She approached the topic with caution."", ""The company is approaching its 10-year anniversary.""], ""cultural_notes"": null}]}"
approach,en,fr,3,verify,FAIL,[minor] Phonetic transcription is incorrect; it should be /əˈproʊtʃ/ for the noun and /əˈproʊtʃ/ for the verb.; The translation for 'approcher' should specify that it is a verb and not just listed as a verb.; The native translation for the noun definition is slightly awkward and could be improved for clarity.,"{""valid_word_score"": 1.0, ""suggestion"": null, ""word"": ""approach"", ""phonetic"": ""/əˈproʊtʃ/"", ""translations"": [""approche (noun)"", ""approcher (verb)"", ""approche (method)""], ""definitions"": [{""part_of_speech"": ""noun"", ""definition"": ""A way of dealing with something; a method or technique, often used in a broader context."", ""definition_native"": ""Une manière de traiter quelque chose ; une méthode ou une technique, souvent utilisée dans un contexte plus large."", ""examples"": [""The company is taking a new approach to marketing."", ""Her approach to problem-solving is very methodical."", ""The scientist's approach to the experiment was innovative."", ""The approach to the holiday was relaxed and casual."", ""The approach to the topic was from a historical perspective.""], ""cultural_notes"": null}, {""part_of_speech"": ""verb"", ""definition"": ""To come near or closer to something or someone, either physically or metaphorically."", ""definition_native"": ""Approcher quelque chose ou quelqu'un, soit physiquement, soit métaphoriquement."", ""examples"": [""The car approached the intersection slowly."", ""As the deadline approaches, the team is working overtime."", ""The storm is approaching the coast."", ""She approached the topic with caution."", ""The company is approaching its 10-year anniversary.""], ""cultural_notes"": null}]}"
approach,en,fr,3,regenerate,SUCCESS,Definition regenerated (issues history: 3),"{""valid_word_score"": 1.0, ""suggestion"": null, ""word"": ""approach"", ""phonetic"": ""/əˈproʊtʃ/"", ""translations"": [""approche (noun)"", ""approcher (verb)""], ""definitions"": [{""part_of_speech"": ""noun"", ""definition"": ""A way of dealing with something; a method or technique, often used in a broader context."", ""definition_native"": ""Une manière de traiter quelque chose ; une méthode ou une technique, souvent utilisée dans un contexte plus large."", ""examples"": [""The company is taking a new approach to marketing."", ""Her approach to problem-solving is very methodical."", ""The scientist's approach to the experiment was innovative."", ""The approach to the holiday was relaxed and casual."", ""The approach to the topic was from a historical perspective.""], ""cultural_notes"": null}, {""part_of_speech"": ""verb"", ""definition"": ""To come near or closer to something or someone, either physically or metaphorically."", ""definition_native"": ""Approcher quelque chose ou quelqu'un, soit physiquement, soit métaphoriquement."", ""examples"": [""The car approached the intersection slowly."", ""As the deadline approaches, the team is working overtime."", ""The storm is approaching the coast."", ""She approached the topic with caution."", ""The company is approaching its 10-year anniversary.""], ""cultural_notes"": null}]}"
approach,en,fr,4,verify,FAIL,"[major] Phonetic transcription is incorrect; it should be /əˈproʊtʃ/ for the verb form, but the noun form is not typically used in this way.; The native translation for the noun definition is slightly awkward and could be improved for clarity.; The translations provided do not accurately reflect the nuances of the word 'approach' in both noun and verb forms.","{""valid_word_score"": 1.0, ""suggestion"": null, ""word"": ""approach"", ""phonetic"": ""/əˈproʊtʃ/"", ""translations"": [""approche (noun)"", ""approcher (verb)""], ""definitions"": [{""part_of_speech"": ""noun"", ""definition"": ""A way of dealing with something; a method or technique, often used in a broader context."", ""definition_native"": ""Une manière de traiter quelque chose ; une méthode ou une technique, souvent utilisée dans un contexte plus large."", ""examples"": [""The company is taking a new approach to marketing."", ""Her approach to problem-solving is very methodical."", ""The scientist's approach to the experiment was innovative."", ""The approach to the holiday was relaxed and casual."", ""The approach to the topic was from a historical perspective.""], ""cultural_notes"": null}, {""part_of_speech"": ""verb"", ""definition"": ""To come near or closer to something or someone, either physically or metaphorically."", ""definition_native"": ""Approcher quelque chose ou quelqu'un, soit physiquement, soit métaphoriquement."", ""examples"": [""The car approached the intersection slowly."", ""As the deadline approaches, the team is working overtime."", ""The storm is approaching the coast."", ""She approached the topic with caution."", ""The company is approaching its 10-year anniversary.""], ""cultural_notes"": null}]}"
approach,en,fr,4,regenerate,SUCCESS,Definition regenerated (issues history: 4),"{""valid_word_score"": 1.0, ""suggestion"": null, ""word"": ""approach"", ""phonetic"": ""/əˈproʊtʃ/"", ""translations"": [""approche (noun)"", ""approcher (verb)""], ""definitions"": [{""part_of_speech"": ""noun"", ""definition"": ""A way of dealing with something; a method or technique, often used in a broader context."", ""definition_native"": ""Une manière de traiter quelque chose ; une méthode ou une technique, souvent utilisée dans un contexte plus large."", ""examples"": [""The company is taking a new approach to marketing."", ""Her approach to problem-solving is very methodical."", ""The scientist's approach to the experiment was innovative."", ""The approach to the holiday was relaxed and casual."", ""The approach to the topic was from a historical perspective.""], ""cultural_notes"": null}, {""part_of_speech"": ""verb"", ""definition"": ""To come near or closer to something or someone, either physically or metaphorically."", ""definition_native"": ""Approcher quelque chose ou quelqu'un, soit physiquement, soit métaphoriquement."", ""examples"": [""The car approached the intersection slowly."", ""As the deadline approaches, the team is working overtime."", ""The storm is approaching the coast."", ""She approached the topic with caution."", ""The company is approaching its 10-year anniversary.""], ""cultural_notes"": null}]}"
approach,en,fr,5,verify,FAIL,"[minor] Phonetic transcription is incorrect; it should be /əˈproʊtʃ/ for the verb form, but the noun form is not typically used in this way.; The native translation for the noun definition is slightly awkward; it could be more concise.; The native translation for the verb definition is accurate but could be improved for clarity.","{""valid_word_score"": 1.0, ""suggestion"": null, ""word"": ""approach"", ""phonetic"": ""/əˈproʊtʃ/"", ""translations"": [""approche (noun)"", ""approcher (verb)""], ""definitions"": [{""part_of_speech"": ""noun"", ""definition"": ""A way of dealing with something; a method or technique, often used in a broader context."", ""definition_native"": ""Une manière de traiter quelque chose ; une méthode ou une technique, souvent utilisée dans un contexte plus large."", ""examples"": [""The company is taking a new approach to marketing."", ""Her approach to problem-solving is very methodical."", ""The scientist's approach to the experiment was innovative."", ""The approach to the holiday was relaxed and casual."", ""The approach to the topic was from a historical perspective.""], ""cultural_notes"": null}, {""part_of_speech"": ""verb"", ""definition"": ""To come near or closer to something or someone, either physically or metaphorically."", ""definition_native"": ""Approcher quelque chose ou quelqu'un, soit physiquement, soit métaphoriquement."", ""examples"": [""The car approached the intersection slowly."", ""As the deadline approaches, the team is working overtime."", ""The storm is approaching the coast."", ""She approached the topic with caution."", ""The company is approaching its 10-year anniversary.""], ""cultural_notes"": null}]}"
affect,en,fr,1,verify,FAIL,"[minor] Definition 1 is accurate but could be more concise.; Definition 2 is accurate but could be clarified to emphasize its less common usage.; Example sentences for Definition 1 are natural and correct, but the examples for Definition 2 could be improved for clarity.; The native translations are accurate but could be more concise.; The phonetic transcription is reasonable.","{""word"": ""affect"", ""phonetic"": ""/əˈfɛkt/"", ""suggestion"": null, ""definitions"": [{""examples"": [""The cold weather will affect the crops."", ""Her mood was affected by the news."", ""The medication may affect your blood pressure."", ""The economic downturn will affect many businesses."", ""The teacher's enthusiasm can affect her students' motivation.""], ""definition"": ""to influence something or someone, in both emotional and non-emotional contexts."", ""cultural_notes"": null, ""part_of_speech"": ""verb"", ""definition_native"": ""influencer quelque chose ou quelqu'un, tant dans des contextes émotionnels que non émotionnels.""}, {""examples"": [""She affected a tone of indifference."", ""He affected a sense of outrage at the suggestion."", ""They affected a nonchalant attitude towards the criticism."", ""The actor affected a strong accent for the role."", ""The politician was accused of affecting a tone of sincerity.""], ""definition"": ""to pretend to have a feeling or emotion; this usage is less common and often implies insincerity."", ""cultural_notes"": ""This sense of 'affect' often implies insincerity."", ""part_of_speech"": ""verb"", ""definition_native"": ""prétendre avoir un sentiment ou une émotion ; ce sens est moins courant et implique souvent de l'insincérité.""}], ""translations"": [""avoir un impact sur"", ""émouvoir"", ""influencer (note : ce sens se réfère à une personne, pas au verbe)""], ""valid_word_score"": 1.0}"
affect,en,fr,1,regenerate,SUCCESS,Definition regenerated (issues history: 1),"{""valid_word_score"": 1.0, ""suggestion"": null, ""word"": ""affect"", ""phonetic"": ""/əˈfɛkt/"", ""translations"": [""avoir un impact sur"", ""émouvoir"", ""influencer""], ""definitions"": [{""part_of_speech"": ""verb"", ""definition"": ""to influence something or someone, in both emotional and non-emotional contexts."", ""definition_native"": ""influencer quelque chose ou quelqu'un, tant dans des contextes émotionnels que non émotionnels."", ""examples"": [""The cold weather will affect the crops."", ""Her mood was affected by the news."", ""The medication may affect your blood pressure."", ""The economic downturn will affect many businesses."", ""The teacher's enthusiasm can affect her students' motivation.""], ""cultural_notes"": null}, {""part_of_speech"": ""verb"", ""definition"": ""to pretend to have a feeling or emotion; this usage is less common and often suggests insincerity."", ""definition_native"": ""prétendre avoir un sentiment ou une émotion ; ce sens est moins courant et implique souvent de l'insincérité."", ""examples"": [""She affected a tone of indifference."", ""He affected outrage at the suggestion."", ""They affected a nonchalant attitude towards the criticism."", ""The actor affected a strong accent for the role."", ""The politician was accused of affecting sincerity.""], ""cultural_notes"": ""This sense of 'affect' often implies insincerity.""}]}"
affect,en,fr,2,verify,FAIL,[minor] Definition 1 is accurate but could be more concise. Definition 2 is accurate but should clarify that it is a less common usage of the same verb.; Example sentences for Definition 1 are natural and correct. Example sentences for Definition 2 are also correct but could be more varied.; Part of speech is correct.; No spelling or grammatical errors found.; Phonetic transcription is reasonable.; Translations are generally accurate but could be improved for clarity.,"{""valid_word_score"": 1.0, ""suggestion"": null, ""word"": ""affect"", ""phonetic"": ""/əˈfɛkt/"", ""translations"": [""avoir un impact sur"", ""émouvoir"", ""influencer""], ""definitions"": [{""part_of_speech"": ""verb"", ""definition"": ""to influence something or someone, in both emotional and non-emotional contexts."", ""definition_native"": ""influencer quelque chose ou quelqu'un, tant dans des contextes émotionnels que non émotionnels."", ""examples"": [""The cold weather will affect the crops."", ""Her mood was affected by the news."", ""The medication may affect your blood pressure."", ""The economic downturn will affect many businesses."", ""The teacher's enthusiasm can affect her students' motivation.""], ""cultural_notes"": null}, {""part_of_speech"": ""verb"", ""definition"": ""to pretend to have a feeling or emotion; this usage is less common and often suggests insincerity."", ""definition_native"": ""prétendre avoir un sentiment ou une émotion ; ce sens est moins courant et implique souvent de l'insincérité."", ""examples"": [""She affected a tone of indifference."", ""He affected outrage at the suggestion."", ""They affected a nonchalant attitude towards the criticism."", ""The actor affected a strong accent for the role."", ""The politician was accused of affecting sincerity.""], ""cultural_notes"": ""This sense of 'affect' often implies insincerity.""}]}"
affect,en,fr,2,regenerate,SUCCESS,Definition regenerated (issues history: 2),"{""valid_word_score"": 1.0, ""suggestion"": null, ""word"": ""affect"", ""phonetic"": ""/əˈfɛkt/"", ""translations"": [""avoir un impact sur"", ""émouvoir"", ""influencer""], ""definitions"": [{""part_of_speech"": ""verb"", ""definition"": ""to influence something or someone, applicable in both emotional and non-emotional contexts."", ""definition_native"": ""influencer quelque chose ou quelqu'un, applicable tant dans des contextes émotionnels que non émotionnels."", ""examples"": [""The cold weather will affect the crops."", ""Her mood was affected by the news."", ""The medication may affect your blood pressure."", ""The economic downturn will affect many businesses."", ""The teacher's enthusiasm can affect her students' motivation.""], ""cultural_notes"": null}, {""part_of_speech"": ""verb"", ""definition"": ""to pretend to have a feeling or emotion; this usage is less common and often implies insincerity."", ""definition_native"": ""prétendre avoir un sentiment ou une émotion ; ce sens est moins courant et implique souvent de l'insincérité."", ""examples"": [""She affected a tone of indifference."", ""He affected outrage at the suggestion."", ""They affected a nonchalant attitude towards the criticism."", ""The actor affected a strong accent for the role."", ""The politician was accused of affecting sincerity.""], ""cultural_notes"": ""This sense of 'affect' often implies insincerity.""}]}"
affect,en,fr,3,verify,FAIL,"[minor] Definition 1 is accurate but could be more concise. The phrase 'applicable in both emotional and non-emotional contexts' is somewhat redundant.; Definition 2 is accurate but could be clearer. The phrase 'this usage is less common' may mislead users into thinking it is rarely used, while it is still a valid meaning.; The example sentences for Definition 1 are natural and grammatically correct, but the examples for Definition 2 could be improved for clarity.; The native translations are accurate but could be more concise.; The phonetic transcription is reasonable.","{""valid_word_score"": 1.0, ""suggestion"": null, ""word"": ""affect"", ""phonetic"": ""/əˈfɛkt/"", ""translations"": [""avoir un impact sur"", ""émouvoir"", ""influencer""], ""definitions"": [{""part_of_speech"": ""verb"", ""definition"": ""to influence something or someone, applicable in both emotional and non-emotional contexts."", ""definition_native"": ""influencer quelque chose ou quelqu'un, applicable tant dans des contextes émotionnels que non émotionnels."", ""examples"": [""The cold weather will affect the crops."", ""Her mood was affected by the news."", ""The medication may affect your blood pressure."", ""The economic downturn will affect many businesses."", ""The teacher's enthusiasm can affect her students' motivation.""], ""cultural_notes"": null}, {""part_of_speech"": ""verb"", ""definition"": ""to pretend to have a feeling or emotion; this usage is less common and often implies insincerity."", ""definition_native"": ""prétendre avoir un sentiment ou une émotion ; ce sens est moins courant et implique souvent de l'insincérité."", ""examples"": [""She affected a tone of indifference."", ""He affected outrage at the suggestion."", ""They affected a nonchalant attitude towards the criticism."", ""The actor affected a strong accent for the role."", ""The politician was accused of affecting sincerity.""], ""cultural_notes"": ""This sense of 'affect' often implies insincerity.""}]}"
affect,en,fr,3,regenerate,SUCCESS,Definition regenerated (issues history: 3),"{""valid_word_score"": 1.0, ""suggestion"": null, ""word"": ""affect"", ""phonetic"": ""/əˈfɛkt/"", ""translations"": [""avoir un impact sur"", ""émouvoir"", ""influencer""], ""definitions"": [{""part_of_speech"": ""verb"", ""definition"": ""to influence something or someone, in both emotional and non-emotional contexts."", ""definition_native"": ""influencer quelque chose ou quelqu'un, tant dans des contextes émotionnels que non émotionnels."", ""examples"": [""The cold weather will affect the crops."", ""Her mood was affected by the news."", ""The medication may affect your blood pressure."", ""The economic downturn will affect many businesses."", ""The teacher's enthusiasm can affect her students' motivation.""], ""cultural_notes"": null}, {""part_of_speech"": ""verb"", ""definition"": ""to pretend to have a feeling or emotion, often implying insincerity; this usage is less common but still valid."", ""definition_native"": ""prétendre avoir un sentiment ou une émotion, impliquant souvent de l'insincérité ; ce sens est moins courant mais reste valide."", ""examples"": [""She affected a tone of indifference."", ""He affected outrage at the suggestion."", ""They affected a nonchalant attitude towards the criticism."", ""The actor affected a strong accent for the role."", ""The politician was accused of affecting sincerity.""], ""cultural_notes"": ""This sense of 'affect' often implies insincerity.""}]}"
affect,en,fr,4,verify,FAIL,"[minor] Definition 1 is accurate but could be more concise.; Definition 2 is accurate but the phrasing 'this usage is less common but still valid' could be misleading; it may imply that the primary meaning is less important.; The example sentences for Definition 1 are natural and grammatically correct, but the examples for Definition 2 could be improved for clarity.; The native translations are accurate but could be more fluid in French.; The phonetic transcription is reasonable.","{""valid_word_score"": 1.0, ""suggestion"": null, ""word"": ""affect"", ""phonetic"": ""/əˈfɛkt/"", ""translations"": [""avoir un impact sur"", ""émouvoir"", ""influencer""], ""definitions"": [{""part_of_speech"": ""verb"", ""definition"": ""to influence something or someone, in both emotional and non-emotional contexts."", ""definition_native"": ""influencer quelque chose ou quelqu'un, tant dans des contextes émotionnels que non émotionnels."", ""examples"": [""The cold weather will affect the crops."", ""Her mood was affected by the news."", ""The medication may affect your blood pressure."", ""The economic downturn will affect many businesses."", ""The teacher's enthusiasm can affect her students' motivation.""], ""cultural_notes"": null}, {""part_of_speech"": ""verb"", ""definition"": ""to pretend to have a feeling or emotion, often implying insincerity; this usage is less common but still valid."", ""definition_native"": ""prétendre avoir un sentiment ou une émotion, impliquant souvent de l'insincérité ; ce sens est moins courant mais reste valide."", ""examples"": [""She affected a tone of indifference."", ""He affected outrage at the suggestion."", ""They affected a nonchalant attitude towards the criticism."", ""The actor affected a strong accent for the role."", ""The politician was accused of affecting sincerity.""], ""cultural_notes"": ""This sense of 'affect' often implies insincerity.""}]}"
affect,en,fr,4,regenerate,SUCCESS,Definition regenerated (issues history: 4),"{""valid_word_score"": 1.0, ""suggestion"": null, ""word"": ""affect"", ""phonetic"": ""/əˈfɛkt/"", ""translations"": [""avoir un impact sur"", ""émouvoir"", ""influencer""], ""definitions"": [{""part_of_speech"": ""verb"", ""definition"": ""to influence something or someone, whether emotionally or otherwise."", ""definition_native"": ""influencer quelque chose ou quelqu'un, que ce soit émotionnellement ou autrement."", ""examples"": [""The cold weather will affect the crops."", ""Her mood was affected by the news."", ""The medication may affect your blood pressure."", ""The economic downturn will affect many businesses."", ""The teacher's enthusiasm can affect her students' motivation.""], ""cultural_notes"": null}, {""part_of_speech"": ""verb"", ""definition"": ""to pretend to have a feeling or emotion, often suggesting insincerity; this usage is less common."", ""definition_native"": ""prétendre avoir un sentiment ou une émotion, impliquant souvent de l'insincérité ; ce sens est moins courant."", ""examples"": [""She affected a tone of indifference."", ""He affected outrage at the suggestion."", ""They affected a nonchalant attitude towards the criticism."", ""The actor affected a strong accent for the role."", ""The politician was accused of affecting sincerity.""], ""cultural_notes"": ""This sense of 'affect' often implies a lack of genuine emotion.""}]}"
affect,en,fr,5,verify,PASS,,"{""valid_word_score"": 1.0, ""suggestion"": null, ""word"": ""affect"", ""phonetic"": ""/əˈfɛkt/"", ""translations"": [""avoir un impact sur"", ""émouvoir"", ""influencer""], ""definitions"": [{""part_of_speech"": ""verb"", ""definition"": ""to influence something or someone, whether emotionally or otherwise."", ""definition_native"": ""influencer quelque chose ou quelqu'un, que ce soit émotionnellement ou autrement."", ""examples"": [""The cold weather will affect the crops."", ""Her mood was affected by the news."", ""The medication may affect your blood pressure."", ""The economic downturn will affect many businesses."", ""The teacher's enthusiasm can affect her students' motivation.""], ""cultural_notes"": null}, {""part_of_speech"": ""verb"", ""definition"": ""to pretend to have a feeling or emotion, often suggesting insincerity; this usage is less common."", ""definition_native"": ""prétendre avoir un sentiment ou une émotion, impliquant souvent de l'insincérité ; ce sens est moins courant."", ""examples"": [""She affected a tone of indifference."", ""He affected outrage at the suggestion."", ""They affected a nonchalant attitude towards the criticism."", ""The actor affected a strong accent for the role."", ""The politician was accused of affecting sincerity.""], ""cultural_notes"": ""This sense of 'affect' often implies a lack of genuine emotion.""}]}"
